implementation,revision,workload,seed,entries,allocated_handles,writers,repeat,seconds,ops,p50_ns,p95_ns,p99_ns,peak_rss_bytes,arena_bytes,bytes_per_handle,result_hash,errors,active_scan_ns,frozen_first_scan_ns,frozen_ready_scan_ns,phase,elapsed_ns,index_insert_ns,allocate_and_insert_ns,active_scan_ns_phase,freeze_prepare_ns,first_frozen_scan_ns,ready_frozen_scan_ns
vector,fdece4e,ascending,20260920,1024,1024,1,0,0.000241875,1024,NA,NA,NA,5849088,42436,41,16340194407465152223,0,77375,66000,51417,all,437084,241875,241875,77375,417,66000,51417
skiplist,fdece4e,ascending,20260920,1024,1024,1,0,0.00033325,1024,NA,NA,NA,5767168,60824,59,16340194407465152223,0,52791,51334,51291,all,488666,333250,333250,52791,0,51334,51291
radix,fdece4e,ascending,20260920,1024,1024,1,0,0.000286916,1024,NA,NA,NA,5898240,181072,176,16340194407465152223,0,56167,54208,49500,all,451416,286916,286916,56167,4625,54208,49500
radix,fdece4e,ascending,20260920,1024,1024,1,0,0.000257792,1024,NA,NA,NA,5914624,181072,176,16340194407465152223,0,54333,56667,69083,all,442875,257792,257792,54333,5000,56667,69083
vector,fdece4e,ascending,20260920,1024,1024,1,0,0.000159833,1024,NA,NA,NA,5832704,42436,41,16340194407465152223,0,68833,65500,51334,all,345542,159833,159833,68833,42,65500,51334
skiplist,fdece4e,ascending,20260920,1024,1024,1,0,0.000392292,1024,NA,NA,NA,5783552,60632,59,16340194407465152223,0,53917,51375,51291,all,548875,392292,392292,53917,0,51375,51291
vector,fdece4e,ascending,20260920,1024,1024,1,0,0.000162458,1024,NA,NA,NA,5865472,42436,41,16340194407465152223,0,70708,65375,51375,all,349916,162458,162458,70708,0,65375,51375
skiplist,fdece4e,ascending,20260920,1024,1024,1,0,0.000317708,1024,NA,NA,NA,5783552,60792,59,16340194407465152223,0,55709,51333,51208,all,475958,317708,317708,55709,0,51333,51208
radix,fdece4e,ascending,20260920,1024,1024,1,0,0.000648208,1024,NA,NA,NA,5931008,181072,176,16340194407465152223,0,207875,125792,90708,all,1107625,648208,648208,207875,35042,125792,90708
radix,fdece4e,ascending,20260920,1024,1024,1,0,0.000260875,1024,NA,NA,NA,5914624,181072,176,16340194407465152223,0,53500,54291,49500,all,422791,260875,260875,53500,4625,54291,49500
vector,fdece4e,ascending,20260920,1024,1024,1,0,0.000174917,1024,NA,NA,NA,5881856,42436,41,16340194407465152223,0,78375,64458,49500,all,367292,174917,174917,78375,42,64458,49500
skiplist,fdece4e,ascending,20260920,1024,1024,1,0,0.000370792,1024,NA,NA,NA,5799936,61016,59,16340194407465152223,0,57250,51458,51334,all,530876,370792,370792,57250,42,51458,51334
vector,fdece4e,ascending,20260920,1024,1024,1,0,0.000163958,1024,NA,NA,NA,5832704,42436,41,16340194407465152223,0,71208,63125,49417,all,347708,163958,163958,71208,0,63125,49417
skiplist,fdece4e,ascending,20260920,1024,1024,1,0,0.000310041,1024,NA,NA,NA,5783552,60960,59,16340194407465152223,0,53209,49458,49417,all,462166,310041,310041,53209,41,49458,49417
radix,fdece4e,ascending,20260920,1024,1024,1,0,0.000259375,1024,NA,NA,NA,5865472,181072,176,16340194407465152223,0,54916,61500,51459,all,431917,259375,259375,54916,4667,61500,51459
radix,fdece4e,ascending,20260920,1024,1024,4,0,0.000252208,1024,NA,NA,NA,6144000,197384,192,16340194407465152223,0,54542,56417,51375,all,419584,252208,252208,54542,5042,56417,51375
vector,fdece4e,ascending,20260920,1024,1024,4,0,0.000350792,1024,NA,NA,NA,6062080,43691,42,16340194407465152223,0,381292,182625,51291,all,966042,350792,350792,381292,42,182625,51291
skiplist,fdece4e,ascending,20260920,1024,1024,4,0,0.000262958,1024,NA,NA,NA,6012928,63640,62,16340194407465152223,0,52500,48250,48209,all,411959,262958,262958,52500,42,48250,48209
vector,fdece4e,ascending,20260920,1024,1024,4,0,0.000421542,1024,NA,NA,NA,6029312,43711,42,16340194407465152223,0,182416,170375,51417,all,825750,421542,421542,182416,0,170375,51417
skiplist,fdece4e,ascending,20260920,1024,1024,4,0,0.000279125,1024,NA,NA,NA,5914624,63208,61,16340194407465152223,0,50041,48292,48208,all,425708,279125,279125,50041,42,48292,48208
radix,fdece4e,ascending,20260920,1024,1024,4,0,0.000310833,1024,NA,NA,NA,6144000,194768,190,16340194407465152223,0,55250,56625,51292,all,479000,310833,310833,55250,5000,56625,51292
radix,fdece4e,ascending,20260920,1024,1024,4,0,0.000283291,1024,NA,NA,NA,6127616,196784,192,16340194407465152223,0,65334,57208,51417,all,462875,283291,283291,65334,5625,57208,51417
vector,fdece4e,ascending,20260920,1024,1024,4,0,0.000252583,1024,NA,NA,NA,6242304,43711,42,16340194407465152223,0,188167,171583,48334,all,660708,252583,252583,188167,41,171583,48334
skiplist,fdece4e,ascending,20260920,1024,1024,4,0,0.000452,1024,NA,NA,NA,5881856,63760,62,16340194407465152223,0,86208,84042,83750,all,706000,452000,452000,86208,0,84042,83750
vector,fdece4e,ascending,20260920,1024,1024,4,0,0.00026025,1024,NA,NA,NA,6176768,43691,42,16340194407465152223,0,178167,174125,51292,all,663959,260250,260250,178167,125,174125,51292
skiplist,fdece4e,ascending,20260920,1024,1024,4,0,0.000269375,1024,NA,NA,NA,5914624,63560,62,16340194407465152223,0,52333,51334,51291,all,424375,269375,269375,52333,42,51334,51291
radix,fdece4e,ascending,20260920,1024,1024,4,0,0.000532833,1024,NA,NA,NA,6029312,193488,188,16340194407465152223,0,113250,83209,51458,all,810041,532833,532833,113250,29291,83209,51458
radix,fdece4e,ascending,20260920,1024,1024,4,0,0.000262333,1024,NA,NA,NA,6094848,199464,194,16340194407465152223,0,54458,56584,51291,all,429708,262333,262333,54458,5042,56584,51291
vector,fdece4e,ascending,20260920,1024,1024,4,0,0.000280958,1024,NA,NA,NA,6209536,43691,42,16340194407465152223,0,178834,169583,51417,all,680792,280958,280958,178834,0,169583,51417
skiplist,fdece4e,ascending,20260920,1024,1024,4,0,0.000410417,1024,NA,NA,NA,5914624,63960,62,16340194407465152223,0,52833,51459,51291,all,566042,410417,410417,52833,42,51459,51291
radix,fdece4e,ascending,20260920,1024,1024,8,0,0.000386125,1024,NA,NA,NA,6160384,203320,198,16340194407465152223,0,54250,56625,51375,all,553583,386125,386125,54250,5208,56625,51375
vector,fdece4e,ascending,20260920,1024,1024,8,0,0.000336417,1024,NA,NA,NA,6111232,43631,42,16340194407465152223,0,174875,162541,53000,all,726874,336417,336417,174875,41,162541,53000
skiplist,fdece4e,ascending,20260920,1024,1024,8,0,0.000340625,1024,NA,NA,NA,6045696,63544,62,16340194407465152223,0,52459,51291,51334,all,495709,340625,340625,52459,0,51291,51334
vector,fdece4e,ascending,20260920,1024,1024,8,0,0.000380958,1024,NA,NA,NA,6176768,43671,42,16340194407465152223,0,370958,352375,84500,all,1188833,380958,380958,370958,42,352375,84500
skiplist,fdece4e,ascending,20260920,1024,1024,8,0,0.000390709,1024,NA,NA,NA,5996544,64008,62,16340194407465152223,0,52750,51583,51292,all,546375,390709,390709,52750,41,51583,51292
radix,fdece4e,ascending,20260920,1024,1024,8,0,0.000396084,1024,NA,NA,NA,6078464,199520,194,16340194407465152223,0,55958,56333,51334,all,564500,396084,396084,55958,4791,56333,51334
radix,fdece4e,ascending,20260920,1024,1024,8,0,0.000498417,1024,NA,NA,NA,6127616,199208,194,16340194407465152223,0,121125,117292,87125,all,850875,498417,498417,121125,26916,117292,87125
vector,fdece4e,ascending,20260920,1024,1024,8,0,0.000316084,1024,NA,NA,NA,6193152,43590,42,16340194407465152223,0,174791,159250,48375,all,698542,316084,316084,174791,42,159250,48375
skiplist,fdece4e,ascending,20260920,1024,1024,8,0,0.000304042,1024,NA,NA,NA,6029312,63504,62,16340194407465152223,0,52375,52583,51250,all,460250,304042,304042,52375,0,52583,51250
vector,fdece4e,ascending,20260920,1024,1024,8,0,0.000309542,1024,NA,NA,NA,6127616,43691,42,16340194407465152223,0,175541,167417,50333,all,702833,309542,309542,175541,0,167417,50333
skiplist,fdece4e,ascending,20260920,1024,1024,8,0,0.000307958,1024,NA,NA,NA,5996544,63936,62,16340194407465152223,0,52333,51292,51333,all,462916,307958,307958,52333,0,51292,51333
radix,fdece4e,ascending,20260920,1024,1024,8,0,0.000352584,1024,NA,NA,NA,6209536,200264,195,16340194407465152223,0,54625,56833,51333,all,520792,352584,352584,54625,5417,56833,51333
radix,fdece4e,ascending,20260920,1024,1024,8,0,0.000516917,1024,NA,NA,NA,6209536,200568,195,16340194407465152223,0,68083,57292,52000,all,700250,516917,516917,68083,5958,57292,52000
vector,fdece4e,ascending,20260920,1024,1024,8,0,0.00033625,1024,NA,NA,NA,6193152,43671,42,16340194407465152223,0,178458,169958,51542,all,736208,336250,336250,178458,0,169958,51542
skiplist,fdece4e,ascending,20260920,1024,1024,8,0,0.000327708,1024,NA,NA,NA,6062080,63824,62,16340194407465152223,0,52750,51334,51250,all,483042,327708,327708,52750,0,51334,51250
vector,fdece4e,random,20260920,1024,1024,1,0,0.000173625,1024,NA,NA,NA,5865472,42436,41,16340194407465152223,0,185250,176875,51375,all,587250,173625,173625,185250,125,176875,51375
skiplist,fdece4e,random,20260920,1024,1024,1,0,0.000346042,1024,NA,NA,NA,5767168,61024,59,16340194407465152223,0,52958,49459,49458,all,497959,346042,346042,52958,42,49459,49458
radix,fdece4e,random,20260920,1024,1024,1,0,0.000287333,1024,NA,NA,NA,5865472,183304,179,16340194407465152223,0,57042,56333,51542,all,456916,287333,287333,57042,4666,56333,51542
radix,fdece4e,random,20260920,1024,1024,1,0,0.000274,1024,NA,NA,NA,5865472,183304,179,16340194407465152223,0,54833,53875,49500,all,436583,274000,274000,54833,4375,53875,49500
vector,fdece4e,random,20260920,1024,1024,1,0,0.000184584,1024,NA,NA,NA,5849088,42436,41,16340194407465152223,0,179041,174667,49583,all,587875,184584,184584,179041,0,174667,49583
skiplist,fdece4e,random,20260920,1024,1024,1,0,0.000329916,1024,NA,NA,NA,5799936,60816,59,16340194407465152223,0,53084,49500,49375,all,481875,329916,329916,53084,0,49500,49375
vector,fdece4e,random,20260920,1024,1024,1,0,0.0001575,1024,NA,NA,NA,5849088,42436,41,16340194407465152223,0,174708,166500,48209,all,547000,157500,157500,174708,83,166500,48209
skiplist,fdece4e,random,20260920,1024,1024,1,0,0.000386542,1024,NA,NA,NA,5767168,61016,59,16340194407465152223,0,104750,64250,52000,all,607542,386542,386542,104750,0,64250,52000
radix,fdece4e,random,20260920,1024,1024,1,0,0.000304458,1024,NA,NA,NA,5898240,183304,179,16340194407465152223,0,58709,54416,49584,all,471751,304458,304458,58709,4584,54416,49584
radix,fdece4e,random,20260920,1024,1024,1,0,0.000282709,1024,NA,NA,NA,5865472,183304,179,16340194407465152223,0,57041,55959,51333,all,451459,282709,282709,57041,4417,55959,51333
vector,fdece4e,random,20260920,1024,1024,1,0,0.000212958,1024,NA,NA,NA,5865472,42436,41,16340194407465152223,0,190750,176792,51416,all,632291,212958,212958,190750,375,176792,51416
skiplist,fdece4e,random,20260920,1024,1024,1,0,0.000322125,1024,NA,NA,NA,5783552,60888,59,16340194407465152223,0,52916,49417,49375,all,473833,322125,322125,52916,0,49417,49375
vector,fdece4e,random,20260920,1024,1024,1,0,0.000178125,1024,NA,NA,NA,5865472,42436,41,16340194407465152223,0,185542,172166,52667,all,588542,178125,178125,185542,42,172166,52667
skiplist,fdece4e,random,20260920,1024,1024,1,0,0.0003505,1024,NA,NA,NA,5799936,60768,59,16340194407465152223,0,53667,55500,51333,all,511000,350500,350500,53667,0,55500,51333
radix,fdece4e,random,20260920,1024,1024,1,0,0.000308041,1024,NA,NA,NA,5898240,183304,179,16340194407465152223,0,54709,54000,49541,all,470624,308041,308041,54709,4333,54000,49541
radix,fdece4e,random,20260920,1024,1024,4,0,0.00042125,1024,NA,NA,NA,6012928,198544,193,16340194407465152223,0,118125,118459,84333,all,775834,421250,421250,118125,33667,118459,84333
vector,fdece4e,random,20260920,1024,1024,4,0,0.000260541,1024,NA,NA,NA,6209536,43691,42,16340194407465152223,0,173542,165750,48250,all,648083,260541,260541,173542,0,165750,48250
skiplist,fdece4e,random,20260920,1024,1024,4,0,0.000247125,1024,NA,NA,NA,6062080,63464,61,16340194407465152223,0,52500,51333,51250,all,402250,247125,247125,52500,42,51333,51250
vector,fdece4e,random,20260920,1024,1024,4,0,0.000257709,1024,NA,NA,NA,6176768,43691,42,16340194407465152223,0,182916,170542,48292,all,659543,257709,257709,182916,84,170542,48292
skiplist,fdece4e,random,20260920,1024,1024,4,0,0.000531792,1024,NA,NA,NA,5865472,63104,61,16340194407465152223,0,52500,51291,51292,all,686916,531792,531792,52500,41,51291,51292
radix,fdece4e,random,20260920,1024,1024,4,0,0.000269584,1024,NA,NA,NA,6111232,197592,192,16340194407465152223,0,54416,56334,51333,all,436584,269584,269584,54416,4917,56334,51333
radix,fdece4e,random,20260920,1024,1024,4,0,0.000283917,1024,NA,NA,NA,6193152,197384,192,16340194407465152223,0,54958,57000,52125,all,453000,283917,283917,54958,5000,57000,52125
vector,fdece4e,random,20260920,1024,1024,4,0,0.000340708,1024,NA,NA,NA,6029312,43691,42,16340194407465152223,0,192292,177792,51666,all,762458,340708,340708,192292,0,177792,51666
skiplist,fdece4e,random,20260920,1024,1024,4,0,0.000248959,1024,NA,NA,NA,6012928,63456,61,16340194407465152223,0,52375,51333,51292,all,403959,248959,248959,52375,0,51333,51292
vector,fdece4e,random,20260920,1024,1024,4,0,0.000334542,1024,NA,NA,NA,6176768,43691,42,16340194407465152223,0,183000,172208,55584,all,745376,334542,334542,183000,42,172208,55584
skiplist,fdece4e,random,20260920,1024,1024,4,0,0.000364,1024,NA,NA,NA,5931008,63072,61,16340194407465152223,0,52583,51334,51291,all,519208,364000,364000,52583,0,51334,51291
radix,fdece4e,random,20260920,1024,1024,4,0,0.00033375,1024,NA,NA,NA,6193152,198152,193,16340194407465152223,0,57791,56334,51416,all,504208,333750,333750,57791,4917,56334,51416
radix,fdece4e,random,20260920,1024,1024,4,0,0.000297667,1024,NA,NA,NA,6242304,197768,193,16340194407465152223,0,54750,56250,51333,all,464791,297667,297667,54750,4791,56250,51333
vector,fdece4e,random,20260920,1024,1024,4,0,0.000278917,1024,NA,NA,NA,6062080,43691,42,16340194407465152223,0,186708,169375,48333,all,683375,278917,278917,186708,42,169375,48333
skiplist,fdece4e,random,20260920,1024,1024,4,0,0.00026625,1024,NA,NA,NA,5931008,64464,62,16340194407465152223,0,52583,51334,51208,all,421417,266250,266250,52583,42,51334,51208
radix,fdece4e,random,20260920,1024,1024,8,0,0.000407583,1024,NA,NA,NA,6193152,198608,193,16340194407465152223,0,58500,56958,51417,all,580041,407583,407583,58500,5583,56958,51417
vector,fdece4e,random,20260920,1024,1024,8,0,0.000344167,1024,NA,NA,NA,6225920,43671,42,16340194407465152223,0,183500,171416,49584,all,748709,344167,344167,183500,42,171416,49584
skiplist,fdece4e,random,20260920,1024,1024,8,0,0.000405041,1024,NA,NA,NA,6029312,64368,62,16340194407465152223,0,53292,51333,51250,all,560958,405041,405041,53292,42,51333,51250
vector,fdece4e,random,20260920,1024,1024,8,0,0.000291833,1024,NA,NA,NA,6144000,43610,42,16340194407465152223,0,186917,169292,48333,all,696417,291833,291833,186917,42,169292,48333
skiplist,fdece4e,random,20260920,1024,1024,8,0,0.000362,1024,NA,NA,NA,6029312,64144,62,16340194407465152223,0,52375,51375,51292,all,517042,362000,362000,52375,0,51375,51292
radix,fdece4e,random,20260920,1024,1024,8,0,0.000309375,1024,NA,NA,NA,6127616,197792,193,16340194407465152223,0,54417,56333,51417,all,476501,309375,309375,54417,4959,56333,51417
radix,fdece4e,random,20260920,1024,1024,8,0,0.000354625,1024,NA,NA,NA,6160384,199408,194,16340194407465152223,0,55125,56459,51333,all,522584,354625,354625,55125,5042,56459,51333
vector,fdece4e,random,20260920,1024,1024,8,0,0.000337,1024,NA,NA,NA,6160384,43671,42,16340194407465152223,0,184416,172667,49625,all,743750,337000,337000,184416,42,172667,49625
skiplist,fdece4e,random,20260920,1024,1024,8,0,0.000379083,1024,NA,NA,NA,6045696,64432,62,16340194407465152223,0,53084,51333,51333,all,534874,379083,379083,53084,41,51333,51333
vector,fdece4e,random,20260920,1024,1024,8,0,0.000353167,1024,NA,NA,NA,6176768,43671,42,16340194407465152223,0,184375,168833,51834,all,758209,353167,353167,184375,0,168833,51834
skiplist,fdece4e,random,20260920,1024,1024,8,0,0.000493041,1024,NA,NA,NA,6062080,63696,62,16340194407465152223,0,54084,51375,51291,all,649791,493041,493041,54084,0,51375,51291
radix,fdece4e,random,20260920,1024,1024,8,0,0.000350041,1024,NA,NA,NA,6127616,200112,195,16340194407465152223,0,54542,56333,51250,all,517124,350041,350041,54542,4958,56333,51250
radix,fdece4e,random,20260920,1024,1024,8,0,0.000421375,1024,NA,NA,NA,6160384,197336,192,16340194407465152223,0,56041,56292,51375,all,590000,421375,421375,56041,4917,56292,51375
vector,fdece4e,random,20260920,1024,1024,8,0,0.000301375,1024,NA,NA,NA,6209536,43671,42,16340194407465152223,0,175500,166500,48333,all,691833,301375,301375,175500,125,166500,48333
skiplist,fdece4e,random,20260920,1024,1024,8,0,0.000347292,1024,NA,NA,NA,6029312,64576,63,16340194407465152223,0,52625,51375,51208,all,502542,347292,347292,52625,42,51375,51208
vector,fdece4e,versions,20260920,1024,1024,1,0,0.000163083,1024,NA,NA,NA,5849088,42436,41,3561195745626025575,0,213292,240250,51583,all,668333,163083,163083,213292,125,240250,51583
skiplist,fdece4e,versions,20260920,1024,1024,1,0,0.000338666,1024,NA,NA,NA,5783552,60840,59,3561195745626025575,0,53459,49541,49542,all,491208,338666,338666,53459,0,49541,49542
radix,fdece4e,versions,20260920,1024,1024,1,0,0.000321916,1024,NA,NA,NA,5865472,160832,157,3561195745626025575,0,55292,57250,51458,all,491499,321916,321916,55292,5583,57250,51458
radix,fdece4e,versions,20260920,1024,1024,1,0,0.000318542,1024,NA,NA,NA,5849088,160832,157,3561195745626025575,0,59667,57541,51417,all,492959,318542,318542,59667,5792,57541,51417
vector,fdece4e,versions,20260920,1024,1024,1,0,0.000153417,1024,NA,NA,NA,5865472,42436,41,3561195745626025575,0,181708,169917,48333,all,553417,153417,153417,181708,42,169917,48333
skiplist,fdece4e,versions,20260920,1024,1024,1,0,0.000360667,1024,NA,NA,NA,5783552,60856,59,3561195745626025575,0,52458,51542,51291,all,515958,360667,360667,52458,0,51542,51291
vector,fdece4e,versions,20260920,1024,1024,1,0,0.000151916,1024,NA,NA,NA,5865472,42436,41,3561195745626025575,0,182834,175958,49792,all,560542,151916,151916,182834,42,175958,49792
skiplist,fdece4e,versions,20260920,1024,1024,1,0,0.000400125,1024,NA,NA,NA,5816320,60912,59,3561195745626025575,0,53875,51500,51417,all,556959,400125,400125,53875,42,51500,51417
radix,fdece4e,versions,20260920,1024,1024,1,0,0.000295542,1024,NA,NA,NA,5865472,160832,157,3561195745626025575,0,55583,56417,49625,all,462709,295542,295542,55583,5542,56417,49625
radix,fdece4e,versions,20260920,1024,1024,1,0,0.000316541,1024,NA,NA,NA,5849088,160832,157,3561195745626025575,0,56250,54959,49583,all,482667,316541,316541,56250,5334,54959,49583
vector,fdece4e,versions,20260920,1024,1024,1,0,0.000198042,1024,NA,NA,NA,5865472,42436,41,3561195745626025575,0,194875,188750,49583,all,631292,198042,198042,194875,42,188750,49583
skiplist,fdece4e,versions,20260920,1024,1024,1,0,0.000354792,1024,NA,NA,NA,5783552,60960,59,3561195745626025575,0,54541,49542,49583,all,508458,354792,354792,54541,0,49542,49583
vector,fdece4e,versions,20260920,1024,1024,1,0,0.00016025,1024,NA,NA,NA,5849088,42436,41,3561195745626025575,0,188250,169250,48459,all,566251,160250,160250,188250,42,169250,48459
skiplist,fdece4e,versions,20260920,1024,1024,1,0,0.000409666,1024,NA,NA,NA,5767168,61240,59,3561195745626025575,0,56209,51541,51334,all,568750,409666,409666,56209,0,51541,51334
radix,fdece4e,versions,20260920,1024,1024,1,0,0.000291167,1024,NA,NA,NA,5881856,160832,157,3561195745626025575,0,55416,55000,49584,all,456501,291167,291167,55416,5334,55000,49584
radix,fdece4e,versions,20260920,1024,1024,4,0,0.000424958,1024,NA,NA,NA,6012928,171352,167,3561195745626025575,0,58375,57917,51458,all,599083,424958,424958,58375,6375,57917,51458
vector,fdece4e,versions,20260920,1024,1024,4,0,0.000257917,1024,NA,NA,NA,6176768,43691,42,3561195745626025575,0,196458,177500,48375,all,680292,257917,257917,196458,42,177500,48375
skiplist,fdece4e,versions,20260920,1024,1024,4,0,0.000562083,1024,NA,NA,NA,5914624,63552,62,3561195745626025575,0,99042,86500,97958,all,845583,562083,562083,99042,0,86500,97958
vector,fdece4e,versions,20260920,1024,1024,4,0,0.000249458,1024,NA,NA,NA,6193152,43691,42,3561195745626025575,0,195792,178250,48417,all,671958,249458,249458,195792,41,178250,48417
skiplist,fdece4e,versions,20260920,1024,1024,4,0,0.00027275,1024,NA,NA,NA,5963776,64032,62,3561195745626025575,0,52958,51417,51458,all,428583,272750,272750,52958,0,51417,51458
radix,fdece4e,versions,20260920,1024,1024,4,0,0.000380416,1024,NA,NA,NA,6012928,170712,166,3561195745626025575,0,57917,57625,51458,all,553416,380416,380416,57917,6000,57625,51458
radix,fdece4e,versions,20260920,1024,1024,4,0,0.000263,1024,NA,NA,NA,6045696,186744,182,3561195745626025575,0,57084,57958,51500,all,435917,263000,263000,57084,6375,57958,51500
vector,fdece4e,versions,20260920,1024,1024,4,0,0.000286958,1024,NA,NA,NA,6045696,43691,42,3561195745626025575,0,194834,186125,51333,all,719291,286958,286958,194834,41,186125,51333
skiplist,fdece4e,versions,20260920,1024,1024,4,0,0.000260917,1024,NA,NA,NA,6078464,63432,61,3561195745626025575,0,53833,51500,51333,all,417583,260917,260917,53833,0,51500,51333
vector,fdece4e,versions,20260920,1024,1024,4,0,0.000391125,1024,NA,NA,NA,6029312,43691,42,3561195745626025575,0,192708,183584,51416,all,818958,391125,391125,192708,125,183584,51416
skiplist,fdece4e,versions,20260920,1024,1024,4,0,0.000512625,1024,NA,NA,NA,5931008,63144,61,3561195745626025575,0,97667,86583,86250,all,783125,512625,512625,97667,0,86583,86250
radix,fdece4e,versions,20260920,1024,1024,4,0,0.0003355,1024,NA,NA,NA,5980160,171136,167,3561195745626025575,0,57041,58209,51541,all,508958,335500,335500,57041,6667,58209,51541
radix,fdece4e,versions,20260920,1024,1024,4,0,0.000399917,1024,NA,NA,NA,5996544,167888,163,3561195745626025575,0,66500,58791,51709,all,584083,399917,399917,66500,7166,58791,51709
vector,fdece4e,versions,20260920,1024,1024,4,0,0.000394542,1024,NA,NA,NA,6029312,43691,42,3561195745626025575,0,200708,184542,51458,all,831333,394542,394542,200708,83,184542,51458
skiplist,fdece4e,versions,20260920,1024,1024,4,0,0.000259084,1024,NA,NA,NA,6078464,63832,62,3561195745626025575,0,52708,51417,51416,all,414625,259084,259084,52708,0,51417,51416
radix,fdece4e,versions,20260920,1024,1024,8,0,0.0003785,1024,NA,NA,NA,6127616,171040,167,3561195745626025575,0,58083,57959,51458,all,552458,378500,378500,58083,6458,57959,51458
vector,fdece4e,versions,20260920,1024,1024,8,0,0.000295917,1024,NA,NA,NA,6144000,43631,42,3561195745626025575,0,193125,176375,48375,all,713792,295917,295917,193125,0,176375,48375
skiplist,fdece4e,versions,20260920,1024,1024,8,0,0.00031225,1024,NA,NA,NA,6045696,63576,62,3561195745626025575,0,52666,51500,51334,all,467792,312250,312250,52666,42,51500,51334
vector,fdece4e,versions,20260920,1024,1024,8,0,0.000331875,1024,NA,NA,NA,6242304,43651,42,3561195745626025575,0,195250,181209,49583,all,758042,331875,331875,195250,125,181209,49583
skiplist,fdece4e,versions,20260920,1024,1024,8,0,0.000312458,1024,NA,NA,NA,6029312,64232,62,3561195745626025575,0,52584,51416,51459,all,467917,312458,312458,52584,0,51416,51459
radix,fdece4e,versions,20260920,1024,1024,8,0,0.000588458,1024,NA,NA,NA,6029312,159160,155,3561195745626025575,0,153333,136542,87250,all,1015000,588458,588458,153333,49417,136542,87250
radix,fdece4e,versions,20260920,1024,1024,8,0,0.000373792,1024,NA,NA,NA,6127616,171736,167,3561195745626025575,0,57292,57958,51625,all,547083,373792,373792,57292,6416,57958,51625
vector,fdece4e,versions,20260920,1024,1024,8,0,0.000328125,1024,NA,NA,NA,6127616,43630,42,3561195745626025575,0,195084,180916,53084,all,757209,328125,328125,195084,0,180916,53084
skiplist,fdece4e,versions,20260920,1024,1024,8,0,0.0003295,1024,NA,NA,NA,6012928,63912,62,3561195745626025575,0,52459,51458,51417,all,484834,329500,329500,52459,0,51458,51417
vector,fdece4e,versions,20260920,1024,1024,8,0,0.000334708,1024,NA,NA,NA,6176768,43671,42,3561195745626025575,0,197750,182583,49584,all,764625,334708,334708,197750,0,182583,49584
skiplist,fdece4e,versions,20260920,1024,1024,8,0,0.000615167,1024,NA,NA,NA,6029312,63424,61,3561195745626025575,0,54708,111125,78459,all,859501,615167,615167,54708,42,111125,78459
radix,fdece4e,versions,20260920,1024,1024,8,0,0.000334583,1024,NA,NA,NA,6127616,173448,169,3561195745626025575,0,57042,58000,51458,all,507542,334583,334583,57042,6459,58000,51458
radix,fdece4e,versions,20260920,1024,1024,8,0,0.00039,1024,NA,NA,NA,6062080,169384,165,3561195745626025575,0,56209,57541,51417,all,561126,390000,390000,56209,5959,57541,51417
vector,fdece4e,versions,20260920,1024,1024,8,0,0.000300958,1024,NA,NA,NA,6340608,43651,42,3561195745626025575,0,193875,180042,55583,all,730458,300958,300958,193875,0,180042,55583
skiplist,fdece4e,versions,20260920,1024,1024,8,0,0.000366917,1024,NA,NA,NA,6029312,63616,62,3561195745626025575,0,52792,51500,51375,all,522584,366917,366917,52792,0,51500,51375
vector,fdece4e,ascending,20260920,16384,16384,1,0,0.00205712,16384,NA,NA,NA,7143424,679171,41,10391311361299390019,0,1555625,1051625,829583,all,5494000,2057125,2057125,1555625,42,1051625,829583
skiplist,fdece4e,ascending,20260920,16384,16384,1,0,0.00549788,16384,NA,NA,NA,6848512,970024,59,10391311361299390019,0,824792,798125,845042,all,7965834,5497875,5497875,824792,0,798125,845042
radix,fdece4e,ascending,20260920,16384,16384,1,0,0.00355492,16384,NA,NA,NA,8749056,2910392,177,10391311361299390019,0,837167,863791,780709,all,6110167,3554917,3554917,837167,73583,863791,780709
radix,fdece4e,ascending,20260920,16384,16384,1,0,0.00361396,16384,NA,NA,NA,8765440,2910392,177,10391311361299390019,0,820833,846958,797334,all,6152042,3613959,3613959,820833,72958,846958,797334
vector,fdece4e,ascending,20260920,16384,16384,1,0,0.00178629,16384,NA,NA,NA,7012352,679171,41,10391311361299390019,0,1044083,1015042,772750,all,4618250,1786292,1786292,1044083,83,1015042,772750
skiplist,fdece4e,ascending,20260920,16384,16384,1,0,0.00606604,16384,NA,NA,NA,6815744,969136,59,10391311361299390019,0,818542,821792,801666,all,8508083,6066041,6066041,818542,42,821792,801666
vector,fdece4e,ascending,20260920,16384,16384,1,0,0.00179642,16384,NA,NA,NA,7012352,679171,41,10391311361299390019,0,1085292,1055500,826750,all,4764000,1796416,1796416,1085292,42,1055500,826750
skiplist,fdece4e,ascending,20260920,16384,16384,1,0,0.00587367,16384,NA,NA,NA,6848512,969408,59,10391311361299390019,0,782167,773750,828166,all,8257750,5873667,5873667,782167,0,773750,828166
radix,fdece4e,ascending,20260920,16384,16384,1,0,0.00362725,16384,NA,NA,NA,8749056,2910392,177,10391311361299390019,0,823667,860458,771583,all,6168500,3627250,3627250,823667,85542,860458,771583
radix,fdece4e,ascending,20260920,16384,16384,1,0,0.00379246,16384,NA,NA,NA,8765440,2910392,177,10391311361299390019,0,1862125,1260208,859834,all,8154167,3792458,3792458,1862125,379542,1260208,859834
vector,fdece4e,ascending,20260920,16384,16384,1,0,0.00396025,16384,NA,NA,NA,7241728,679171,41,10391311361299390019,0,1100041,1026792,891083,all,6978166,3960250,3960250,1100041,0,1026792,891083
skiplist,fdece4e,ascending,20260920,16384,16384,1,0,0.00588129,16384,NA,NA,NA,6815744,969872,59,10391311361299390019,0,959500,897250,825250,all,8563292,5881292,5881292,959500,0,897250,825250
vector,fdece4e,ascending,20260920,16384,16384,1,0,0.00175938,16384,NA,NA,NA,6995968,679171,41,10391311361299390019,0,1020000,976750,771292,all,4527500,1759375,1759375,1020000,83,976750,771292
skiplist,fdece4e,ascending,20260920,16384,16384,1,0,0.00598562,16384,NA,NA,NA,6832128,969760,59,10391311361299390019,0,784250,803875,841375,all,8415167,5985625,5985625,784250,42,803875,841375
radix,fdece4e,ascending,20260920,16384,16384,1,0,0.00374446,16384,NA,NA,NA,8781824,2910392,177,10391311361299390019,0,822750,842875,772500,all,6253416,3744458,3744458,822750,70833,842875,772500
radix,fdece4e,ascending,20260920,16384,16384,4,0,0.00193575,16384,NA,NA,NA,9519104,3317520,202,10391311361299390019,0,899708,1077125,799292,all,4979250,1935750,1935750,899708,267375,1077125,799292
vector,fdece4e,ascending,20260920,16384,16384,4,0,0.00125254,16384,NA,NA,NA,7454720,700331,42,10391311361299390019,0,3962625,3581458,821625,all,9618291,1252542,1252542,3962625,41,3581458,821625
skiplist,fdece4e,ascending,20260920,16384,16384,4,0,0.00300771,16384,NA,NA,NA,7241728,1015792,61,10391311361299390019,0,1528625,1222750,824375,all,6583500,3007708,3007708,1528625,42,1222750,824375
vector,fdece4e,ascending,20260920,16384,16384,4,0,0.000922291,16384,NA,NA,NA,7487488,700331,42,10391311361299390019,0,3497459,3401458,802750,all,8623958,922291,922291,3497459,0,3401458,802750
skiplist,fdece4e,ascending,20260920,16384,16384,4,0,0.00218671,16384,NA,NA,NA,7192576,1016648,62,10391311361299390019,0,790750,773959,806583,all,4558042,2186708,2186708,790750,42,773959,806583
radix,fdece4e,ascending,20260920,16384,16384,4,0,0.00197546,16384,NA,NA,NA,9469952,3235720,197,10391311361299390019,0,813500,935209,811666,all,4616083,1975458,1975458,813500,80250,935209,811666
radix,fdece4e,ascending,20260920,16384,16384,4,0,0.00354567,16384,NA,NA,NA,9355264,3174768,193,10391311361299390019,0,971291,1077959,832916,all,6569833,3545667,3545667,971291,142000,1077959,832916
vector,fdece4e,ascending,20260920,16384,16384,4,0,0.00128058,16384,NA,NA,NA,7569408,700311,42,10391311361299390019,0,3613000,3696542,821583,all,9411708,1280583,1280583,3613000,0,3696542,821583
skiplist,fdece4e,ascending,20260920,16384,16384,4,0,0.00217021,16384,NA,NA,NA,7208960,1016728,62,10391311361299390019,0,838708,790209,784375,all,4583541,2170208,2170208,838708,41,790209,784375
vector,fdece4e,ascending,20260920,16384,16384,4,0,0.000939708,16384,NA,NA,NA,7487488,700311,42,10391311361299390019,0,3422125,3386542,781041,all,8529416,939708,939708,3422125,0,3386542,781041
skiplist,fdece4e,ascending,20260920,16384,16384,4,0,0.00348112,16384,NA,NA,NA,7225344,1015496,61,10391311361299390019,0,800042,782583,807000,all,5870750,3481125,3481125,800042,0,782583,807000
radix,fdece4e,ascending,20260920,16384,16384,4,0,0.00400796,16384,NA,NA,NA,9322496,3185688,194,10391311361299390019,0,1260084,932583,834125,all,7134250,4007958,4007958,1260084,99500,932583,834125
radix,fdece4e,ascending,20260920,16384,16384,4,0,0.00186637,16384,NA,NA,NA,9469952,3252024,198,10391311361299390019,0,993542,1033166,827500,all,4886750,1866375,1866375,993542,166167,1033166,827500
vector,fdece4e,ascending,20260920,16384,16384,4,0,0.000952666,16384,NA,NA,NA,7487488,700351,42,10391311361299390019,0,3517459,3407041,774375,all,8651541,952666,952666,3517459,0,3407041,774375
skiplist,fdece4e,ascending,20260920,16384,16384,4,0,0.002099,16384,NA,NA,NA,7192576,1015632,61,10391311361299390019,0,788834,783250,791083,all,4462208,2099000,2099000,788834,41,783250,791083
radix,fdece4e,ascending,20260920,16384,16384,8,0,0.00260421,16384,NA,NA,NA,9502720,3213608,196,10391311361299390019,0,880167,968667,834916,all,5430708,2604208,2604208,880167,142750,968667,834916
vector,fdece4e,ascending,20260920,16384,16384,8,0,0.00157337,16384,NA,NA,NA,7634944,700291,42,10391311361299390019,0,4051167,3746750,822625,all,10193917,1573375,1573375,4051167,0,3746750,822625
skiplist,fdece4e,ascending,20260920,16384,16384,8,0,0.00529604,16384,NA,NA,NA,7258112,1016088,62,10391311361299390019,0,818375,815292,884291,all,7814042,5296042,5296042,818375,42,815292,884291
vector,fdece4e,ascending,20260920,16384,16384,8,0,0.00132658,16384,NA,NA,NA,7651328,700311,42,10391311361299390019,0,3379000,3236125,828500,all,8770208,1326583,1326583,3379000,0,3236125,828500
skiplist,fdece4e,ascending,20260920,16384,16384,8,0,0.00195283,16384,NA,NA,NA,7340032,1021928,62,10391311361299390019,0,794375,772500,771417,all,4291125,1952833,1952833,794375,0,772500,771417
radix,fdece4e,ascending,20260920,16384,16384,8,0,0.00229092,16384,NA,NA,NA,9584640,3222128,196,10391311361299390019,0,952667,1032666,798709,all,5244500,2290917,2290917,952667,169541,1032666,798709
radix,fdece4e,ascending,20260920,16384,16384,8,0,0.00287312,16384,NA,NA,NA,9486336,3188840,194,10391311361299390019,0,890625,947917,805708,all,5622083,2873125,2873125,890625,104708,947917,805708
vector,fdece4e,ascending,20260920,16384,16384,8,0,0.00123233,16384,NA,NA,NA,7553024,700251,42,10391311361299390019,0,3545083,3440542,821208,all,9039166,1232333,1232333,3545083,0,3440542,821208
skiplist,fdece4e,ascending,20260920,16384,16384,8,0,0.0023145,16384,NA,NA,NA,7274496,1015936,62,10391311361299390019,0,808875,771125,820000,all,4714542,2314500,2314500,808875,42,771125,820000
vector,fdece4e,ascending,20260920,16384,16384,8,0,0.00120538,16384,NA,NA,NA,7536640,700291,42,10391311361299390019,0,3364042,3599833,806792,all,8976167,1205375,1205375,3364042,125,3599833,806792
skiplist,fdece4e,ascending,20260920,16384,16384,8,0,0.00230754,16384,NA,NA,NA,7421952,1022024,62,10391311361299390019,0,813875,812667,799708,all,4733791,2307541,2307541,813875,0,812667,799708
radix,fdece4e,ascending,20260920,16384,16384,8,0,0.00533633,16384,NA,NA,NA,9240576,3149424,192,10391311361299390019,0,906375,885042,773083,all,7997542,5336333,5336333,906375,96709,885042,773083
radix,fdece4e,ascending,20260920,16384,16384,8,0,0.00574462,16384,NA,NA,NA,9158656,3154536,192,10391311361299390019,0,884042,980666,801375,all,8528374,5744625,5744625,884042,117666,980666,801375
vector,fdece4e,ascending,20260920,16384,16384,8,0,0.00115862,16384,NA,NA,NA,7602176,700291,42,10391311361299390019,0,3360375,3608750,813500,all,8941250,1158625,1158625,3360375,0,3608750,813500
skiplist,fdece4e,ascending,20260920,16384,16384,8,0,0.00259975,16384,NA,NA,NA,7356416,1019152,62,10391311361299390019,0,843958,840917,844833,all,5129500,2599750,2599750,843958,42,840917,844833
vector,fdece4e,random,20260920,16384,16384,1,0,0.00171871,16384,NA,NA,NA,7045120,679171,41,10391311361299390019,0,3564458,3622167,788250,all,9693626,1718709,1718709,3564458,42,3622167,788250
skiplist,fdece4e,random,20260920,16384,16384,1,0,0.00644846,16384,NA,NA,NA,6799360,969824,59,10391311361299390019,0,1263542,877333,864209,all,9453583,6448458,6448458,1263542,41,877333,864209
radix,fdece4e,random,20260920,16384,16384,1,0,0.00403388,16384,NA,NA,NA,8781824,2938120,179,10391311361299390019,0,898459,861041,772459,all,6650459,4033875,4033875,898459,84625,861041,772459
radix,fdece4e,random,20260920,16384,16384,1,0,0.00406742,16384,NA,NA,NA,8781824,2938120,179,10391311361299390019,0,839792,855083,795125,all,6636166,4067416,4067416,839792,78750,855083,795125
vector,fdece4e,random,20260920,16384,16384,1,0,0.00171979,16384,NA,NA,NA,7045120,679171,41,10391311361299390019,0,3560792,3752292,799458,all,9832500,1719791,1719791,3560792,167,3752292,799458
skiplist,fdece4e,random,20260920,16384,16384,1,0,0.00826867,16384,NA,NA,NA,6848512,968936,59,10391311361299390019,0,906458,828875,780375,all,10784416,8268667,8268667,906458,41,828875,780375
vector,fdece4e,random,20260920,16384,16384,1,0,0.00190125,16384,NA,NA,NA,7012352,679171,41,10391311361299390019,0,4173875,3768458,834458,all,10678083,1901250,1901250,4173875,42,3768458,834458
skiplist,fdece4e,random,20260920,16384,16384,1,0,0.00687525,16384,NA,NA,NA,6815744,969160,59,10391311361299390019,0,834375,825250,826417,all,9361292,6875250,6875250,834375,0,825250,826417
radix,fdece4e,random,20260920,16384,16384,1,0,0.00472346,16384,NA,NA,NA,8781824,2938120,179,10391311361299390019,0,3743583,1892375,945417,all,11801041,4723458,4723458,3743583,496208,1892375,945417
radix,fdece4e,random,20260920,16384,16384,1,0,0.00397567,16384,NA,NA,NA,8781824,2938120,179,10391311361299390019,0,851083,909667,1000750,all,6816209,3975667,3975667,851083,79042,909667,1000750
vector,fdece4e,random,20260920,16384,16384,1,0,0.00175512,16384,NA,NA,NA,7012352,679171,41,10391311361299390019,0,3602125,4036791,845917,all,10240583,1755125,1755125,3602125,625,4036791,845917
skiplist,fdece4e,random,20260920,16384,16384,1,0,0.00705425,16384,NA,NA,NA,6815744,970136,59,10391311361299390019,0,935500,925500,857916,all,9773166,7054250,7054250,935500,0,925500,857916
vector,fdece4e,random,20260920,16384,16384,1,0,0.00179175,16384,NA,NA,NA,7012352,679171,41,10391311361299390019,0,3610875,3587625,944500,all,9934917,1791750,1791750,3610875,167,3587625,944500
skiplist,fdece4e,random,20260920,16384,16384,1,0,0.0061655,16384,NA,NA,NA,6815744,970120,59,10391311361299390019,0,792625,770791,771000,all,8499957,6165500,6165500,792625,41,770791,771000
radix,fdece4e,random,20260920,16384,16384,1,0,0.00395129,16384,NA,NA,NA,8798208,2938120,179,10391311361299390019,0,1120334,1058958,837458,all,7131541,3951291,3951291,1120334,163500,1058958,837458
radix,fdece4e,random,20260920,16384,16384,4,0,0.001635,16384,NA,NA,NA,9322496,3139952,191,10391311361299390019,0,1021292,1081583,810500,all,4684791,1635000,1635000,1021292,136416,1081583,810500
vector,fdece4e,random,20260920,16384,16384,4,0,0.0012985,16384,NA,NA,NA,7618560,700331,42,10391311361299390019,0,4008833,3750458,820959,all,9878792,1298500,1298500,4008833,42,3750458,820959
skiplist,fdece4e,random,20260920,16384,16384,4,0,0.00291262,16384,NA,NA,NA,7274496,1015424,61,10391311361299390019,0,1043375,911417,819833,all,5687292,2912625,2912625,1043375,42,911417,819833
vector,fdece4e,random,20260920,16384,16384,4,0,0.00093425,16384,NA,NA,NA,7618560,700331,42,10391311361299390019,0,3602750,3607625,779667,all,8924333,934250,934250,3602750,41,3607625,779667
skiplist,fdece4e,random,20260920,16384,16384,4,0,0.00237283,16384,NA,NA,NA,7110656,1013952,61,10391311361299390019,0,788834,771333,814167,all,4747208,2372833,2372833,788834,41,771333,814167
radix,fdece4e,random,20260920,16384,16384,4,0,0.00171042,16384,NA,NA,NA,9355264,3138192,191,10391311361299390019,0,859959,886333,787833,all,4322374,1710416,1710416,859959,77833,886333,787833
radix,fdece4e,random,20260920,16384,16384,4,0,0.00289504,16384,NA,NA,NA,9322496,3141848,191,10391311361299390019,0,1833458,1010292,846542,all,6718084,2895042,2895042,1833458,132750,1010292,846542
vector,fdece4e,random,20260920,16384,16384,4,0,0.00106775,16384,NA,NA,NA,7520256,700331,42,10391311361299390019,0,3963750,3840208,821417,all,9693583,1067750,1067750,3963750,458,3840208,821417
skiplist,fdece4e,random,20260920,16384,16384,4,0,0.00194079,16384,NA,NA,NA,7159808,1022384,62,10391311361299390019,0,807417,782833,782708,all,4313750,1940792,1940792,807417,0,782833,782708
vector,fdece4e,random,20260920,16384,16384,4,0,0.00181983,16384,NA,NA,NA,7405568,699266,42,10391311361299390019,0,3658958,3576167,778542,all,9833625,1819833,1819833,3658958,125,3576167,778542
skiplist,fdece4e,random,20260920,16384,16384,4,0,0.002184,16384,NA,NA,NA,7192576,1016448,62,10391311361299390019,0,787709,783708,785542,all,4540959,2184000,2184000,787709,0,783708,785542
radix,fdece4e,random,20260920,16384,16384,4,0,0.00236467,16384,NA,NA,NA,9355264,3144728,191,10391311361299390019,0,1793333,1100625,845875,all,6256500,2364667,2364667,1793333,152000,1100625,845875
radix,fdece4e,random,20260920,16384,16384,4,0,0.00419613,16384,NA,NA,NA,9191424,3120192,190,10391311361299390019,0,2946667,4282500,1820750,all,14026292,4196125,4196125,2946667,780250,4282500,1820750
vector,fdece4e,random,20260920,16384,16384,4,0,0.000929167,16384,NA,NA,NA,7471104,700331,42,10391311361299390019,0,3685750,4207916,832042,all,9654917,929167,929167,3685750,42,4207916,832042
skiplist,fdece4e,random,20260920,16384,16384,4,0,0.00248792,16384,NA,NA,NA,7274496,1018376,62,10391311361299390019,0,1160458,1016959,894125,all,5559459,2487917,2487917,1160458,0,1016959,894125
radix,fdece4e,random,20260920,16384,16384,8,0,0.00266771,16384,NA,NA,NA,9551872,3151240,192,10391311361299390019,0,950834,1004583,820792,all,5554876,2667708,2667708,950834,110959,1004583,820792
vector,fdece4e,random,20260920,16384,16384,8,0,0.00113946,16384,NA,NA,NA,7536640,700311,42,10391311361299390019,0,3711541,3584209,849875,all,9285126,1139459,1139459,3711541,42,3584209,849875
skiplist,fdece4e,random,20260920,16384,16384,8,0,0.00552108,16384,NA,NA,NA,7028736,1018880,62,10391311361299390019,0,867541,853959,786875,all,8029751,5521084,5521084,867541,292,853959,786875
vector,fdece4e,random,20260920,16384,16384,8,0,0.00153733,16384,NA,NA,NA,7487488,700311,42,10391311361299390019,0,5876375,3696708,791083,all,11901541,1537334,1537334,5876375,41,3696708,791083
skiplist,fdece4e,random,20260920,16384,16384,8,0,0.00460658,16384,NA,NA,NA,7159808,1019168,62,10391311361299390019,0,863209,812500,811500,all,7093833,4606583,4606583,863209,41,812500,811500
radix,fdece4e,random,20260920,16384,16384,8,0,0.00380342,16384,NA,NA,NA,9551872,3152000,192,10391311361299390019,0,1971208,1376042,1300417,all,8678751,3803417,3803417,1971208,227667,1376042,1300417
radix,fdece4e,random,20260920,16384,16384,8,0,0.00329333,16384,NA,NA,NA,9551872,3147840,192,10391311361299390019,0,1951334,1266208,1327583,all,8039499,3293333,3293333,1951334,201041,1266208,1327583
vector,fdece4e,random,20260920,16384,16384,8,0,0.00113954,16384,NA,NA,NA,7667712,700230,42,10391311361299390019,0,3772041,3853334,1041000,all,9805917,1139542,1139542,3772041,0,3853334,1041000
skiplist,fdece4e,random,20260920,16384,16384,8,0,0.00221429,16384,NA,NA,NA,7421952,1018616,62,10391311361299390019,0,793834,1105291,1127250,all,5240666,2214291,2214291,793834,0,1105291,1127250
vector,fdece4e,random,20260920,16384,16384,8,0,0.00125904,16384,NA,NA,NA,7667712,700291,42,10391311361299390019,0,3794958,3906958,795584,all,9756625,1259042,1259042,3794958,83,3906958,795584
skiplist,fdece4e,random,20260920,16384,16384,8,0,0.00299783,16384,NA,NA,NA,7356416,1022096,62,10391311361299390019,0,803542,798542,817750,all,5417667,2997833,2997833,803542,0,798542,817750
radix,fdece4e,random,20260920,16384,16384,8,0,0.00288729,16384,NA,NA,NA,9453568,3149944,192,10391311361299390019,0,1109500,1075500,875875,all,6068042,2887292,2887292,1109500,119875,1075500,875875
radix,fdece4e,random,20260920,16384,16384,8,0,0.00355458,16384,NA,NA,NA,9469952,3148104,192,10391311361299390019,0,1089417,1167458,910542,all,6888209,3554583,3554583,1089417,166209,1167458,910542
vector,fdece4e,random,20260920,16384,16384,8,0,0.00112671,16384,NA,NA,NA,7651328,700291,42,10391311361299390019,0,3714167,3794083,783834,all,9418792,1126708,1126708,3714167,0,3794083,783834
skiplist,fdece4e,random,20260920,16384,16384,8,0,0.00250317,16384,NA,NA,NA,7421952,1021016,62,10391311361299390019,0,819500,824000,812500,all,4959167,2503167,2503167,819500,0,824000,812500
vector,fdece4e,versions,20260920,16384,16384,1,0,0.00186729,16384,NA,NA,NA,7028736,679171,41,4006942161777933379,0,3674125,3411875,802250,all,9755541,1867291,1867291,3674125,0,3411875,802250
skiplist,fdece4e,versions,20260920,16384,16384,1,0,0.00600475,16384,NA,NA,NA,6815744,969712,59,4006942161777933379,0,784000,795584,777583,all,8361917,6004750,6004750,784000,0,795584,777583
radix,fdece4e,versions,20260920,16384,16384,1,0,0.00480458,16384,NA,NA,NA,8519680,2664784,162,4006942161777933379,0,935125,970792,883000,all,7721875,4804583,4804583,935125,128375,970792,883000
radix,fdece4e,versions,20260920,16384,16384,1,0,0.00459692,16384,NA,NA,NA,8503296,2664784,162,4006942161777933379,0,1404459,1314541,1026584,all,8582584,4596916,4596916,1404459,240084,1314541,1026584
vector,fdece4e,versions,20260920,16384,16384,1,0,0.00178846,16384,NA,NA,NA,7012352,679171,41,4006942161777933379,0,3452917,3560250,786750,all,9588584,1788458,1788458,3452917,209,3560250,786750
skiplist,fdece4e,versions,20260920,16384,16384,1,0,0.00571483,16384,NA,NA,NA,6832128,969168,59,4006942161777933379,0,822834,775208,772958,all,8085874,5714833,5714833,822834,41,775208,772958
vector,fdece4e,versions,20260920,16384,16384,1,0,0.00172221,16384,NA,NA,NA,7045120,679171,41,4006942161777933379,0,3462500,3394583,780458,all,9359792,1722209,1722209,3462500,42,3394583,780458
skiplist,fdece4e,versions,20260920,16384,16384,1,0,0.00589221,16384,NA,NA,NA,6832128,970520,59,4006942161777933379,0,824167,790958,771709,all,8279042,5892208,5892208,824167,0,790958,771709
radix,fdece4e,versions,20260920,16384,16384,1,0,0.00465029,16384,NA,NA,NA,8503296,2664784,162,4006942161777933379,0,1033375,965166,1391125,all,8166208,4650292,4650292,1033375,126250,965166,1391125
radix,fdece4e,versions,20260920,16384,16384,1,0,0.00477846,16384,NA,NA,NA,8552448,2664784,162,4006942161777933379,0,1086166,1049042,880875,all,7996667,4778459,4778459,1086166,202125,1049042,880875
vector,fdece4e,versions,20260920,16384,16384,1,0,0.00175725,16384,NA,NA,NA,7012352,679171,41,4006942161777933379,0,3455000,3923250,859250,all,9994792,1757250,1757250,3455000,42,3923250,859250
skiplist,fdece4e,versions,20260920,16384,16384,1,0,0.00756767,16384,NA,NA,NA,6832128,968808,59,4006942161777933379,0,871000,897875,855625,all,10192208,7567666,7567666,871000,42,897875,855625
vector,fdece4e,versions,20260920,16384,16384,1,0,0.00187621,16384,NA,NA,NA,6979584,679171,41,4006942161777933379,0,3885750,4994708,846292,all,11602958,1876208,1876208,3885750,0,4994708,846292
skiplist,fdece4e,versions,20260920,16384,16384,1,0,0.00652575,16384,NA,NA,NA,6832128,970440,59,4006942161777933379,0,1244625,875042,880833,all,9526291,6525750,6525750,1244625,41,875042,880833
radix,fdece4e,versions,20260920,16384,16384,1,0,0.00457108,16384,NA,NA,NA,8519680,2664784,162,4006942161777933379,0,982167,1005542,781875,all,7491292,4571083,4571083,982167,150625,1005542,781875
radix,fdece4e,versions,20260920,16384,16384,4,0,0.00205167,16384,NA,NA,NA,9043968,2802632,171,4006942161777933379,0,914375,922667,780125,all,4780291,2051666,2051666,914375,111458,922667,780125
vector,fdece4e,versions,20260920,16384,16384,4,0,0.0010335,16384,NA,NA,NA,7503872,700331,42,4006942161777933379,0,4413792,4944375,804750,all,11196459,1033500,1033500,4413792,42,4944375,804750
skiplist,fdece4e,versions,20260920,16384,16384,4,0,0.00365879,16384,NA,NA,NA,7077888,1014704,61,4006942161777933379,0,1083125,1381666,1645167,all,7768750,3658792,3658792,1083125,0,1381666,1645167
vector,fdece4e,versions,20260920,16384,16384,4,0,0.00129762,16384,NA,NA,NA,7438336,700331,42,4006942161777933379,0,3985750,3756458,820709,all,9860625,1297625,1297625,3985750,83,3756458,820709
skiplist,fdece4e,versions,20260920,16384,16384,4,0,0.00195488,16384,NA,NA,NA,7176192,1015296,61,4006942161777933379,0,855958,791125,771208,all,4373208,1954875,1954875,855958,42,791125,771208
radix,fdece4e,versions,20260920,16384,16384,4,0,0.0017845,16384,NA,NA,NA,8978432,2806288,171,4006942161777933379,0,876792,868375,773625,all,4398292,1784500,1784500,876792,95000,868375,773625
radix,fdece4e,versions,20260920,16384,16384,4,0,0.00234646,16384,NA,NA,NA,8962048,2809152,171,4006942161777933379,0,938083,948167,844583,all,5201000,2346458,2346458,938083,123709,948167,844583
vector,fdece4e,versions,20260920,16384,16384,4,0,0.000950959,16384,NA,NA,NA,7454720,700331,42,4006942161777933379,0,4192625,3730416,820875,all,9695000,950959,950959,4192625,125,3730416,820875
skiplist,fdece4e,versions,20260920,16384,16384,4,0,0.00288617,16384,NA,NA,NA,7356416,1020296,62,4006942161777933379,0,810625,796667,889500,all,5382959,2886167,2886167,810625,0,796667,889500
vector,fdece4e,versions,20260920,16384,16384,4,0,0.000925167,16384,NA,NA,NA,7487488,700311,42,4006942161777933379,0,3686833,3894917,831916,all,9338833,925167,925167,3686833,0,3894917,831916
skiplist,fdece4e,versions,20260920,16384,16384,4,0,0.00192913,16384,NA,NA,NA,7159808,1022888,62,4006942161777933379,0,791292,790958,771500,all,4282875,1929125,1929125,791292,0,790958,771500
radix,fdece4e,versions,20260920,16384,16384,4,0,0.00201275,16384,NA,NA,NA,8929280,2829760,172,4006942161777933379,0,888375,987542,855125,all,4908792,2012750,2012750,888375,165000,987542,855125
radix,fdece4e,versions,20260920,16384,16384,4,0,0.00355854,16384,NA,NA,NA,8896512,2803968,171,4006942161777933379,0,990875,953334,845625,all,6465917,3558541,3558541,990875,117542,953334,845625
vector,fdece4e,versions,20260920,16384,16384,4,0,0.00115617,16384,NA,NA,NA,7536640,700331,42,4006942161777933379,0,4050750,3640208,820084,all,9667251,1156167,1156167,4050750,42,3640208,820084
skiplist,fdece4e,versions,20260920,16384,16384,4,0,0.00216504,16384,NA,NA,NA,7110656,1020432,62,4006942161777933379,0,788417,771208,812375,all,4537041,2165041,2165041,788417,0,771208,812375
radix,fdece4e,versions,20260920,16384,16384,8,0,0.00265725,16384,NA,NA,NA,9142272,2807112,171,4006942161777933379,0,862667,996500,820000,all,5439375,2657250,2657250,862667,102958,996500,820000
vector,fdece4e,versions,20260920,16384,16384,8,0,0.00119238,16384,NA,NA,NA,7602176,700291,42,4006942161777933379,0,3555250,3646500,873625,all,9267750,1192375,1192375,3555250,0,3646500,873625
skiplist,fdece4e,versions,20260920,16384,16384,8,0,0.00605442,16384,NA,NA,NA,7045120,1022112,62,4006942161777933379,0,877750,910750,773541,all,8616458,6054417,6054417,877750,0,910750,773541
vector,fdece4e,versions,20260920,16384,16384,8,0,0.001249,16384,NA,NA,NA,7553024,700311,42,4006942161777933379,0,3850250,4264625,841750,all,10205666,1249000,1249000,3850250,41,4264625,841750
skiplist,fdece4e,versions,20260920,16384,16384,8,0,0.002975,16384,NA,NA,NA,7323648,1021480,62,4006942161777933379,0,1894167,858542,823083,all,6550834,2975000,2975000,1894167,42,858542,823083
radix,fdece4e,versions,20260920,16384,16384,8,0,0.003249,16384,NA,NA,NA,9076736,2802040,171,4006942161777933379,0,1068958,899209,822458,all,6146209,3249000,3249000,1068958,106584,899209,822458
radix,fdece4e,versions,20260920,16384,16384,8,0,0.00252504,16384,NA,NA,NA,9109504,2802584,171,4006942161777933379,0,1074875,961416,792292,all,5509750,2525042,2525042,1074875,156125,961416,792292
vector,fdece4e,versions,20260920,16384,16384,8,0,0.0029365,16384,NA,NA,NA,7241728,700168,42,4006942161777933379,0,4999834,3527541,787542,all,12251459,2936500,2936500,4999834,42,3527541,787542
skiplist,fdece4e,versions,20260920,16384,16384,8,0,0.00416342,16384,NA,NA,NA,7176192,1022600,62,4006942161777933379,0,1071791,857125,843875,all,6936208,4163417,4163417,1071791,0,857125,843875
vector,fdece4e,versions,20260920,16384,16384,8,0,0.00104892,16384,NA,NA,NA,7520256,700331,42,4006942161777933379,0,4178792,3760167,819833,all,9807708,1048916,1048916,4178792,0,3760167,819833
skiplist,fdece4e,versions,20260920,16384,16384,8,0,0.00241479,16384,NA,NA,NA,7323648,1019496,62,4006942161777933379,0,835250,798750,835709,all,4884500,2414791,2414791,835250,0,798750,835709
radix,fdece4e,versions,20260920,16384,16384,8,0,0.00256367,16384,NA,NA,NA,9207808,2806312,171,4006942161777933379,0,940500,936000,805167,all,5355375,2563667,2563667,940500,110041,936000,805167
radix,fdece4e,versions,20260920,16384,16384,8,0,0.00280667,16384,NA,NA,NA,9125888,2802424,171,4006942161777933379,0,938625,937500,795959,all,5619875,2806666,2806666,938625,141125,937500,795959
vector,fdece4e,versions,20260920,16384,16384,8,0,0.00148212,16384,NA,NA,NA,7618560,700311,42,4006942161777933379,0,4901792,3726250,844583,all,10954792,1482125,1482125,4901792,42,3726250,844583
skiplist,fdece4e,versions,20260920,16384,16384,8,0,0.00322383,16384,NA,NA,NA,7307264,1020088,62,4006942161777933379,0,1264000,851583,821208,all,6160625,3223834,3223834,1264000,0,851583,821208
vector,fdece4e,ascending,20260920,131072,131072,1,0,0.0143089,131072,NA,NA,NA,15482880,5433534,41,454339457082336225,0,8596750,8281708,6389250,all,37576667,14308917,14308917,8596750,42,8281708,6389250
skiplist,fdece4e,ascending,20260920,131072,131072,1,0,0.0538436,131072,NA,NA,NA,14598144,7755576,59,454339457082336225,0,6745250,6388125,6739958,all,73716916,53843583,53843583,6745250,0,6388125,6739958
radix,fdece4e,ascending,20260920,131072,131072,1,0,0.0320145,131072,NA,NA,NA,30146560,23286736,177,454339457082336225,0,6492000,7367250,6607500,all,53212751,32014542,32014542,6492000,731459,7367250,6607500
radix,fdece4e,ascending,20260920,131072,131072,1,0,0.0324788,131072,NA,NA,NA,30146560,23286736,177,454339457082336225,0,6612667,8289958,7888959,all,57063376,32478750,32478750,6612667,1793042,8289958,7888959
vector,fdece4e,ascending,20260920,131072,131072,1,0,0.0152666,131072,NA,NA,NA,15499264,5433534,41,454339457082336225,0,8347708,8188375,6639000,all,38441666,15266583,15266583,8347708,0,8188375,6639000
skiplist,fdece4e,ascending,20260920,131072,131072,1,0,0.0565282,131072,NA,NA,NA,14598144,7752384,59,454339457082336225,0,6468333,6408542,6488625,all,75893709,56528209,56528209,6468333,0,6408542,6488625
vector,fdece4e,ascending,20260920,131072,131072,1,0,0.0139839,131072,NA,NA,NA,16482304,5433534,41,454339457082336225,0,10963541,8426167,6689667,all,40063292,13983875,13983875,10963541,42,8426167,6689667
skiplist,fdece4e,ascending,20260920,131072,131072,1,0,0.0586503,131072,NA,NA,NA,14581760,7752616,59,454339457082336225,0,7126041,6284250,6614292,all,78674875,58650250,58650250,7126041,42,6284250,6614292
radix,fdece4e,ascending,20260920,131072,131072,1,0,0.0316408,131072,NA,NA,NA,30195712,23286736,177,454339457082336225,0,6444625,8261542,6496583,all,54445499,31640791,31640791,6444625,1601958,8261542,6496583
radix,fdece4e,ascending,20260920,131072,131072,1,0,0.0323581,131072,NA,NA,NA,30195712,23286736,177,454339457082336225,0,6791584,8692291,6647292,all,55692334,32358125,32358125,6791584,1203042,8692291,6647292
vector,fdece4e,ascending,20260920,131072,131072,1,0,0.0150306,131072,NA,NA,NA,15466496,5433534,41,454339457082336225,0,8189208,8440125,7527500,all,39187416,15030583,15030583,8189208,0,8440125,7527500
skiplist,fdece4e,ascending,20260920,131072,131072,1,0,0.0524006,131072,NA,NA,NA,14565376,7753256,59,454339457082336225,0,7197833,6410917,6329791,all,72339166,52400625,52400625,7197833,0,6410917,6329791
vector,fdece4e,ascending,20260920,131072,131072,1,0,0.0153855,131072,NA,NA,NA,15466496,5433534,41,454339457082336225,0,8700542,8016542,6433583,all,38536458,15385541,15385541,8700542,250,8016542,6433583
skiplist,fdece4e,ascending,20260920,131072,131072,1,0,0.0522853,131072,NA,NA,NA,14532608,7754352,59,454339457082336225,0,6668166,6984792,6393292,all,72331626,52285334,52285334,6668166,42,6984792,6393292
radix,fdece4e,ascending,20260920,131072,131072,1,0,0.0312258,131072,NA,NA,NA,30162944,23286736,177,454339457082336225,0,6629333,7534709,6572875,all,53209417,31225833,31225833,6629333,1246667,7534709,6572875
radix,fdece4e,ascending,20260920,131072,131072,4,0,0.0173012,131072,NA,NA,NA,33783808,26437920,201,454339457082336225,0,7456208,8641958,6843667,all,41886583,17301209,17301209,7456208,1643541,8641958,6843667
vector,fdece4e,ascending,20260920,131072,131072,4,0,0.00641629,131072,NA,NA,NA,15663104,5603231,42,454339457082336225,0,40877042,37980750,6610375,all,91884458,6416291,6416291,40877042,0,37980750,6610375
skiplist,fdece4e,ascending,20260920,131072,131072,4,0,0.0227059,131072,NA,NA,NA,15368192,8123480,61,454339457082336225,0,6535959,6565000,6847583,all,42654417,22705875,22705875,6535959,0,6565000,6847583
vector,fdece4e,ascending,20260920,131072,131072,4,0,0.00792492,131072,NA,NA,NA,16433152,5603231,42,454339457082336225,0,43408875,40450792,6652708,all,98437334,7924917,7924917,43408875,42,40450792,6652708
skiplist,fdece4e,ascending,20260920,131072,131072,4,0,0.0186998,131072,NA,NA,NA,15368192,8120352,61,454339457082336225,0,6944875,6530500,6428417,all,38603542,18699750,18699750,6944875,0,6530500,6428417
radix,fdece4e,ascending,20260920,131072,131072,4,0,0.0161625,131072,NA,NA,NA,32931840,25533712,194,454339457082336225,0,8097250,12497000,7294083,all,46272666,16162500,16162500,8097250,2221833,12497000,7294083
radix,fdece4e,ascending,20260920,131072,131072,4,0,0.01527,131072,NA,NA,NA,32636928,25362896,193,454339457082336225,0,9384333,12943833,7326250,all,48214375,15270042,15270042,9384333,3289917,12943833,7326250
vector,fdece4e,ascending,20260920,131072,131072,4,0,0.006592,131072,NA,NA,NA,16302080,5603231,42,454339457082336225,0,40602042,39041875,6742542,all,92978459,6592000,6592000,40602042,0,39041875,6742542
skiplist,fdece4e,ascending,20260920,131072,131072,4,0,0.0252738,131072,NA,NA,NA,15319040,8132176,62,454339457082336225,0,6600125,6865542,6868333,all,45607750,25273750,25273750,6600125,0,6865542,6868333
vector,fdece4e,ascending,20260920,131072,131072,4,0,0.00646021,131072,NA,NA,NA,16236544,5603259,42,454339457082336225,0,43284208,43566542,6460125,all,99771083,6460208,6460208,43284208,0,43566542,6460125
skiplist,fdece4e,ascending,20260920,131072,131072,4,0,0.0354201,131072,NA,NA,NA,15335424,8123768,61,454339457082336225,0,7395250,7343541,7004709,all,57163666,35420125,35420125,7395250,41,7343541,7004709
radix,fdece4e,ascending,20260920,131072,131072,4,0,0.0247053,131072,NA,NA,NA,32636928,25347320,193,454339457082336225,0,7623541,12679334,8812208,all,57552917,24705250,24705250,7623541,3732584,12679334,8812208
radix,fdece4e,ascending,20260920,131072,131072,4,0,0.0187046,131072,NA,NA,NA,32555008,25270672,192,454339457082336225,0,9949250,11786333,7615042,all,51714999,18704583,18704583,9949250,3659791,11786333,7615042
vector,fdece4e,ascending,20260920,131072,131072,4,0,0.00639333,131072,NA,NA,NA,15613952,5603231,42,454339457082336225,0,42898000,41768375,6897083,all,97956791,6393333,6393333,42898000,0,41768375,6897083
skiplist,fdece4e,ascending,20260920,131072,131072,4,0,0.0262965,131072,NA,NA,NA,15400960,8129024,62,454339457082336225,0,6684209,7414666,7647167,all,48042583,26296541,26296541,6684209,0,7414666,7647167
radix,fdece4e,ascending,20260920,131072,131072,8,0,0.0225607,131072,NA,NA,NA,32473088,25210904,192,454339457082336225,0,10694458,13635542,7447708,all,58206292,22560709,22560709,10694458,3867875,13635542,7447708
vector,fdece4e,ascending,20260920,131072,131072,8,0,0.008609,131072,NA,NA,NA,16826368,5603137,42,454339457082336225,0,38200791,34301209,6543416,all,87654541,8609000,8609000,38200791,125,34301209,6543416
skiplist,fdece4e,ascending,20260920,131072,131072,8,0,0.019217,131072,NA,NA,NA,15400960,8177384,62,454339457082336225,0,6841542,6370625,6672167,all,39101417,19217041,19217041,6841542,42,6370625,6672167
vector,fdece4e,ascending,20260920,131072,131072,8,0,0.00802633,131072,NA,NA,NA,16826368,5603219,42,454339457082336225,0,38256250,34294959,6960458,all,87538000,8026333,8026333,38256250,0,34294959,6960458
skiplist,fdece4e,ascending,20260920,131072,131072,8,0,0.0217158,131072,NA,NA,NA,15532032,8178576,62,454339457082336225,0,6523000,6286083,6772500,all,41297417,21715834,21715834,6523000,0,6286083,6772500
radix,fdece4e,ascending,20260920,131072,131072,8,0,0.0233033,131072,NA,NA,NA,32571392,25300856,193,454339457082336225,0,7936459,8974208,9538542,all,51448084,23303250,23303250,7936459,1695625,8974208,9538542
radix,fdece4e,ascending,20260920,131072,131072,8,0,0.0219967,131072,NA,NA,NA,32587776,25241128,192,454339457082336225,0,9918417,12191708,7196667,all,54952250,21996750,21996750,9918417,3648708,12191708,7196667
vector,fdece4e,ascending,20260920,131072,131072,8,0,0.00766142,131072,NA,NA,NA,16318464,5603219,42,454339457082336225,0,35570500,35515583,6362458,all,85110000,7661417,7661417,35570500,42,35515583,6362458
skiplist,fdece4e,ascending,20260920,131072,131072,8,0,0.0181623,131072,NA,NA,NA,15499264,8156072,62,454339457082336225,0,7213791,6690167,6496583,all,38562874,18162292,18162292,7213791,41,6690167,6496583
vector,fdece4e,ascending,20260920,131072,131072,8,0,0.00789625,131072,NA,NA,NA,16465920,5603239,42,454339457082336225,0,37245709,34234541,6635459,all,86012001,7896250,7896250,37245709,42,34234541,6635459
skiplist,fdece4e,ascending,20260920,131072,131072,8,0,0.0187551,131072,NA,NA,NA,15466496,8153528,62,454339457082336225,0,6744917,6714583,6522667,all,38737334,18755125,18755125,6744917,42,6714583,6522667
radix,fdece4e,ascending,20260920,131072,131072,8,0,0.0196419,131072,NA,NA,NA,32866304,25574040,195,454339457082336225,0,9647459,10406291,7667292,all,50240833,19641916,19641916,9647459,2877875,10406291,7667292
radix,fdece4e,ascending,20260920,131072,131072,8,0,0.019782,131072,NA,NA,NA,32882688,25503888,194,454339457082336225,0,8869292,11197417,9289875,all,52464375,19782041,19782041,8869292,3325750,11197417,9289875
vector,fdece4e,ascending,20260920,131072,131072,8,0,0.00729017,131072,NA,NA,NA,16384000,5603219,42,454339457082336225,0,38832375,34169458,6668125,all,86960292,7290167,7290167,38832375,167,34169458,6668125
skiplist,fdece4e,ascending,20260920,131072,131072,8,0,0.0217973,131072,NA,NA,NA,15433728,8147872,62,454339457082336225,0,6683041,6601500,7026084,all,42107917,21797292,21797292,6683041,0,6601500,7026084
vector,fdece4e,random,20260920,131072,131072,1,0,0.0143778,131072,NA,NA,NA,15482880,5433534,41,454339457082336225,0,40445625,37662375,6405000,all,98890792,14377792,14377792,40445625,0,37662375,6405000
skiplist,fdece4e,random,20260920,131072,131072,1,0,0.0686356,131072,NA,NA,NA,14565376,7753832,59,454339457082336225,0,8121917,10894625,7487791,all,95139958,68635625,68635625,8121917,0,10894625,7487791
radix,fdece4e,random,20260920,131072,131072,1,0,0.0501158,131072,NA,NA,NA,30408704,23530648,179,454339457082336225,0,10228333,20099000,10465042,all,94405042,50115750,50115750,10228333,3496917,20099000,10465042
radix,fdece4e,random,20260920,131072,131072,1,0,0.054341,131072,NA,NA,NA,30375936,23530648,179,454339457082336225,0,11289416,14172167,16098167,all,98664667,54340959,54340959,11289416,2763958,14172167,16098167
vector,fdece4e,random,20260920,131072,131072,1,0,0.0151746,131072,NA,NA,NA,15466496,5433534,41,454339457082336225,0,39549542,38087583,7139542,all,99951333,15174583,15174583,39549542,83,38087583,7139542
skiplist,fdece4e,random,20260920,131072,131072,1,0,0.0690582,131072,NA,NA,NA,14565376,7753368,59,454339457082336225,0,8111458,11249792,6499667,all,94919667,69058167,69058167,8111458,583,11249792,6499667
vector,fdece4e,random,20260920,131072,131072,1,0,0.0136929,131072,NA,NA,NA,15466496,5433534,41,454339457082336225,0,43977917,40084041,7678750,all,105433750,13692917,13692917,43977917,125,40084041,7678750
skiplist,fdece4e,random,20260920,131072,131072,1,0,0.0705805,131072,NA,NA,NA,14581760,7752440,59,454339457082336225,0,9066041,6897209,6431583,all,92975375,70580542,70580542,9066041,0,6897209,6431583
radix,fdece4e,random,20260920,131072,131072,1,0,0.0521832,131072,NA,NA,NA,30425088,23530648,179,454339457082336225,0,13564042,13392083,17026625,all,98424375,52183208,52183208,13564042,2258417,13392083,17026625
radix,fdece4e,random,20260920,131072,131072,1,0,0.0499871,131072,NA,NA,NA,30392320,23530648,179,454339457082336225,0,17313458,14741167,16327583,all,101413166,49987125,49987125,17313458,3043833,14741167,16327583
vector,fdece4e,random,20260920,131072,131072,1,0,0.0166225,131072,NA,NA,NA,15482880,5433534,41,454339457082336225,0,37568208,37639833,6592875,all,98423375,16622459,16622459,37568208,0,37639833,6592875
skiplist,fdece4e,random,20260920,131072,131072,1,0,0.0904382,131072,NA,NA,NA,14598144,7752488,59,454339457082336225,0,9725584,7084458,6462333,all,113710583,90438166,90438166,9725584,42,7084458,6462333
vector,fdece4e,random,20260920,131072,131072,1,0,0.0137309,131072,NA,NA,NA,15433728,5433534,41,454339457082336225,0,39250833,39926334,7273791,all,100182000,13730917,13730917,39250833,125,39926334,7273791
skiplist,fdece4e,random,20260920,131072,131072,1,0,0.0703107,131072,NA,NA,NA,14598144,7752280,59,454339457082336225,0,7111916,6305834,8483625,all,92212084,70310667,70310667,7111916,42,6305834,8483625
radix,fdece4e,random,20260920,131072,131072,1,0,0.0555177,131072,NA,NA,NA,30441472,23530648,179,454339457082336225,0,16349417,16945375,11609417,all,104250167,55517750,55517750,16349417,3828208,16945375,11609417
radix,fdece4e,random,20260920,131072,131072,4,0,0.0205803,131072,NA,NA,NA,32440320,25144752,191,454339457082336225,0,16389042,19321250,13352708,all,73233666,20580291,20580291,16389042,3590375,19321250,13352708
vector,fdece4e,random,20260920,131072,131072,4,0,0.00737288,131072,NA,NA,NA,16236544,5603231,42,454339457082336225,0,44719208,38654459,8386958,all,99133584,7372875,7372875,44719208,84,38654459,8386958
skiplist,fdece4e,random,20260920,131072,131072,4,0,0.0307128,131072,NA,NA,NA,15351808,8124888,61,454339457082336225,0,11272750,8546208,6688625,all,57220333,30712750,30712750,11272750,0,8546208,6688625
vector,fdece4e,random,20260920,131072,131072,4,0,0.00974625,131072,NA,NA,NA,15728640,5603231,42,454339457082336225,0,43982666,36815625,7395459,all,97940000,9746250,9746250,43982666,0,36815625,7395459
skiplist,fdece4e,random,20260920,131072,131072,4,0,0.0264123,131072,NA,NA,NA,15335424,8131104,62,454339457082336225,0,6933333,13532250,8017709,all,54895625,26412333,26412333,6933333,0,13532250,8017709
radix,fdece4e,random,20260920,131072,131072,4,0,0.0151,131072,NA,NA,NA,32374784,25111048,191,454339457082336225,0,14671541,18243875,10721209,all,64116750,15100000,15100000,14671541,5380125,18243875,10721209
radix,fdece4e,random,20260920,131072,131072,4,0,0.0258347,131072,NA,NA,NA,32374784,25082864,191,454339457082336225,0,13907541,17729667,12540667,all,74456876,25834667,25834667,13907541,4444334,17729667,12540667
vector,fdece4e,random,20260920,131072,131072,4,0,0.00639975,131072,NA,NA,NA,16449536,5603259,42,454339457082336225,0,41669459,39338666,7197834,all,94605709,6399750,6399750,41669459,0,39338666,7197834
skiplist,fdece4e,random,20260920,131072,131072,4,0,0.0253555,131072,NA,NA,NA,15384576,8172032,62,454339457082336225,0,12745167,8112916,6698459,all,52912000,25355458,25355458,12745167,0,8112916,6698459
vector,fdece4e,random,20260920,131072,131072,4,0,0.00903633,131072,NA,NA,NA,16269312,5603231,42,454339457082336225,0,41281541,41892459,8124166,all,100334541,9036334,9036334,41281541,41,41892459,8124166
skiplist,fdece4e,random,20260920,131072,131072,4,0,0.0290783,131072,NA,NA,NA,15417344,8174304,62,454339457082336225,0,11725291,8104250,7760834,all,56668709,29078334,29078334,11725291,0,8104250,7760834
radix,fdece4e,random,20260920,131072,131072,4,0,0.0179548,131072,NA,NA,NA,32456704,25143400,191,454339457082336225,0,14527875,14065333,15910458,all,64888625,17954792,17954792,14527875,2430167,14065333,15910458
radix,fdece4e,random,20260920,131072,131072,4,0,0.0194162,131072,NA,NA,NA,32407552,25090120,191,454339457082336225,0,15329167,17124125,9541458,all,65722166,19416208,19416208,15329167,4311208,17124125,9541458
vector,fdece4e,random,20260920,131072,131072,4,0,0.00721725,131072,NA,NA,NA,16334848,5603231,42,454339457082336225,0,42255500,39380750,6594667,all,95448167,7217250,7217250,42255500,0,39380750,6594667
skiplist,fdece4e,random,20260920,131072,131072,4,0,0.0230323,131072,NA,NA,NA,15400960,8177704,62,454339457082336225,0,11722666,9985417,6819083,all,51559416,23032250,23032250,11722666,0,9985417,6819083
radix,fdece4e,random,20260920,131072,131072,8,0,0.0229943,131072,NA,NA,NA,32571392,25172464,192,454339457082336225,0,12938583,20005250,12576208,all,70619459,22994334,22994334,12938583,2105084,20005250,12576208
vector,fdece4e,random,20260920,131072,131072,8,0,0.0103817,131072,NA,NA,NA,16449536,5603219,42,454339457082336225,0,42828959,37862791,7740667,all,98814209,10381708,10381708,42828959,84,37862791,7740667
skiplist,fdece4e,random,20260920,131072,131072,8,0,0.0279266,131072,NA,NA,NA,15450112,8159080,62,454339457082336225,0,7202416,8977167,10630083,all,54736333,27926625,27926625,7202416,42,8977167,10630083
vector,fdece4e,random,20260920,131072,131072,8,0,0.0104085,131072,NA,NA,NA,16564224,5603199,42,454339457082336225,0,39994542,39793583,6436417,all,96633083,10408541,10408541,39994542,0,39793583,6436417
skiplist,fdece4e,random,20260920,131072,131072,8,0,0.026167,131072,NA,NA,NA,15450112,8150688,62,454339457082336225,0,8511750,12809041,7422792,all,54910542,26166959,26166959,8511750,0,12809041,7422792
radix,fdece4e,random,20260920,131072,131072,8,0,0.0280583,131072,NA,NA,NA,32538624,25172472,192,454339457082336225,0,17746500,15782542,18477500,all,84054001,28058292,28058292,17746500,3989167,15782542,18477500
radix,fdece4e,random,20260920,131072,131072,8,0,0.0295898,131072,NA,NA,NA,32538624,25134392,191,454339457082336225,0,16067625,16545125,15220292,all,80847084,29589750,29589750,16067625,3424292,16545125,15220292
vector,fdece4e,random,20260920,131072,131072,8,0,0.00974913,131072,NA,NA,NA,16482304,5603219,42,454339457082336225,0,42327875,39421542,7288416,all,98787000,9749125,9749125,42327875,42,39421542,7288416
skiplist,fdece4e,random,20260920,131072,131072,8,0,0.0225603,131072,NA,NA,NA,15433728,8168472,62,454339457082336225,0,8723583,7169583,8224667,all,46678125,22560250,22560250,8723583,42,7169583,8224667
vector,fdece4e,random,20260920,131072,131072,8,0,0.0159952,131072,NA,NA,NA,16875520,5603199,42,454339457082336225,0,45305209,41362125,7806875,all,110469501,15995250,15995250,45305209,42,41362125,7806875
skiplist,fdece4e,random,20260920,131072,131072,8,0,0.035039,131072,NA,NA,NA,15204352,8171912,62,454339457082336225,0,14406209,9138041,6623459,all,65206792,35039041,35039041,14406209,42,9138041,6623459
radix,fdece4e,random,20260920,131072,131072,8,0,0.0267549,131072,NA,NA,NA,32538624,25134608,191,454339457082336225,0,10776625,20058625,12128208,all,72508791,26754875,26754875,10776625,2790458,20058625,12128208
radix,fdece4e,random,20260920,131072,131072,8,0,0.0213458,131072,NA,NA,NA,32538624,25150328,191,454339457082336225,0,13167292,14819958,14414042,all,67033792,21345750,21345750,13167292,3286750,14819958,14414042
vector,fdece4e,random,20260920,131072,131072,8,0,0.0100239,131072,NA,NA,NA,16728064,5603179,42,454339457082336225,0,40648792,39851541,6621917,all,97146166,10023875,10023875,40648792,41,39851541,6621917
skiplist,fdece4e,random,20260920,131072,131072,8,0,0.025802,131072,NA,NA,NA,15433728,8174936,62,454339457082336225,0,11166833,6908083,6736417,all,50613417,25802042,25802042,11166833,42,6908083,6736417
vector,fdece4e,versions,20260920,131072,131072,1,0,0.0144325,131072,NA,NA,NA,15499264,5433534,41,4785945059249892485,0,39872584,36413458,6751292,all,97469876,14432500,14432500,39872584,42,36413458,6751292
skiplist,fdece4e,versions,20260920,131072,131072,1,0,0.0592414,131072,NA,NA,NA,14598144,7755128,59,4785945059249892485,0,10058834,6569708,7255958,all,83125917,59241375,59241375,10058834,42,6569708,7255958
radix,fdece4e,versions,20260920,131072,131072,1,0,0.040145,131072,NA,NA,NA,28295168,21420344,163,4785945059249892485,0,15946958,11380708,7894792,all,78765167,40144959,40144959,15946958,3397750,11380708,7894792
radix,fdece4e,versions,20260920,131072,131072,1,0,0.0407608,131072,NA,NA,NA,28278784,21420344,163,4785945059249892485,0,13401291,13614709,9649291,all,80256500,40760792,40760792,13401291,2830417,13614709,9649291
vector,fdece4e,versions,20260920,131072,131072,1,0,0.0138334,131072,NA,NA,NA,16449536,5433534,41,4785945059249892485,0,37198042,36904208,6741708,all,94677333,13833375,13833375,37198042,0,36904208,6741708
skiplist,fdece4e,versions,20260920,131072,131072,1,0,0.0548909,131072,NA,NA,NA,14630912,7752424,59,4785945059249892485,0,9155042,7915833,6561417,all,78523209,54890917,54890917,9155042,0,7915833,6561417
vector,fdece4e,versions,20260920,131072,131072,1,0,0.0139068,131072,NA,NA,NA,15417344,5433534,41,4785945059249892485,0,37648958,35158708,8087250,all,94801750,13906792,13906792,37648958,42,35158708,8087250
skiplist,fdece4e,versions,20260920,131072,131072,1,0,0.0571174,131072,NA,NA,NA,14598144,7757536,59,4785945059249892485,0,7144250,6768625,6695792,all,77726042,57117375,57117375,7144250,0,6768625,6695792
radix,fdece4e,versions,20260920,131072,131072,1,0,0.0401041,131072,NA,NA,NA,28311552,21420344,163,4785945059249892485,0,14999084,10557708,7033042,all,75641917,40104083,40104083,14999084,2948000,10557708,7033042
radix,fdece4e,versions,20260920,131072,131072,1,0,0.042043,131072,NA,NA,NA,28295168,21420344,163,4785945059249892485,0,16464459,11513166,13965917,all,87303875,42043000,42043000,16464459,3317333,11513166,13965917
vector,fdece4e,versions,20260920,131072,131072,1,0,0.0146134,131072,NA,NA,NA,15499264,5433534,41,4785945059249892485,0,37918000,37471833,7146792,all,97150209,14613417,14613417,37918000,167,37471833,7146792
skiplist,fdece4e,versions,20260920,131072,131072,1,0,0.0579965,131072,NA,NA,NA,14581760,7757768,59,4785945059249892485,0,7338333,6654458,6346292,all,78335625,57996500,57996500,7338333,42,6654458,6346292
vector,fdece4e,versions,20260920,131072,131072,1,0,0.0137054,131072,NA,NA,NA,15433728,5433534,41,4785945059249892485,0,37980084,36825250,7454166,all,95965000,13705375,13705375,37980084,125,36825250,7454166
skiplist,fdece4e,versions,20260920,131072,131072,1,0,0.058289,131072,NA,NA,NA,14548992,7753592,59,4785945059249892485,0,6766542,9715875,7806875,all,82578375,58289042,58289042,6766542,41,9715875,7806875
radix,fdece4e,versions,20260920,131072,131072,1,0,0.0417529,131072,NA,NA,NA,28278784,21420344,163,4785945059249892485,0,11166083,10906750,15673167,all,81783000,41752917,41752917,11166083,2284083,10906750,15673167
radix,fdece4e,versions,20260920,131072,131072,4,0,0.0219448,131072,NA,NA,NA,29802496,22528992,171,4785945059249892485,0,19044333,14549375,11196167,all,70988833,21944833,21944833,19044333,4254125,14549375,11196167
vector,fdece4e,versions,20260920,131072,131072,4,0,0.00698383,131072,NA,NA,NA,16433152,5603231,42,4785945059249892485,0,41318625,36756458,9971292,all,95030208,6983833,6983833,41318625,0,36756458,9971292
skiplist,fdece4e,versions,20260920,131072,131072,4,0,0.0149031,131072,NA,NA,NA,15384576,8142576,62,4785945059249892485,0,9867416,10945542,8709292,all,44425376,14903084,14903084,9867416,42,10945542,8709292
vector,fdece4e,versions,20260920,131072,131072,4,0,0.00604667,131072,NA,NA,NA,16285696,5603259,42,4785945059249892485,0,40419916,37548959,6580291,all,90596083,6046667,6046667,40419916,250,37548959,6580291
skiplist,fdece4e,versions,20260920,131072,131072,4,0,0.0270769,131072,NA,NA,NA,15335424,8122456,61,4785945059249892485,0,17387167,9651583,6959083,all,61074750,27076875,27076875,17387167,42,9651583,6959083
radix,fdece4e,versions,20260920,131072,131072,4,0,0.014415,131072,NA,NA,NA,29884416,22546256,172,4785945059249892485,0,20700500,16868625,19335083,all,75172167,14415042,14415042,20700500,3852917,16868625,19335083
radix,fdece4e,versions,20260920,131072,131072,4,0,0.0189533,131072,NA,NA,NA,29769728,22523384,171,4785945059249892485,0,19066167,18636541,15959542,all,77820250,18953333,18953333,19066167,5204667,18636541,15959542
vector,fdece4e,versions,20260920,131072,131072,4,0,0.0118208,131072,NA,NA,NA,16842752,5603259,42,4785945059249892485,0,39289667,37944000,6660291,all,95714750,11820792,11820792,39289667,0,37944000,6660291
skiplist,fdece4e,versions,20260920,131072,131072,4,0,0.0168584,131072,NA,NA,NA,15384576,8125016,61,4785945059249892485,0,13365209,6521958,10123208,all,46868791,16858416,16858416,13365209,0,6521958,10123208
vector,fdece4e,versions,20260920,131072,131072,4,0,0.00600796,131072,NA,NA,NA,15597568,5603259,42,4785945059249892485,0,40045334,39069750,8359500,all,93482542,6007958,6007958,40045334,0,39069750,8359500
skiplist,fdece4e,versions,20260920,131072,131072,4,0,0.0243841,131072,NA,NA,NA,15335424,8184104,62,4785945059249892485,0,8790500,12516750,8352916,all,54044291,24384125,24384125,8790500,0,12516750,8352916
radix,fdece4e,versions,20260920,131072,131072,4,0,0.0143884,131072,NA,NA,NA,29851648,22537280,171,4785945059249892485,0,17431500,17097625,15773208,all,69361750,14388417,14388417,17431500,4671000,17097625,15773208
radix,fdece4e,versions,20260920,131072,131072,4,0,0.0263215,131072,NA,NA,NA,29818880,22545488,172,4785945059249892485,0,14354333,20136209,13901583,all,80637042,26321542,26321542,14354333,5923375,20136209,13901583
vector,fdece4e,versions,20260920,131072,131072,4,0,0.011119,131072,NA,NA,NA,15745024,5603279,42,4785945059249892485,0,39164292,38665083,6876417,all,95824959,11119000,11119000,39164292,167,38665083,6876417
skiplist,fdece4e,versions,20260920,131072,131072,4,0,0.0152709,131072,NA,NA,NA,15368192,8137488,62,4785945059249892485,0,14706791,7425459,7553791,all,44956958,15270917,15270917,14706791,0,7425459,7553791
radix,fdece4e,versions,20260920,131072,131072,8,0,0.0180153,131072,NA,NA,NA,29933568,22562440,172,4785945059249892485,0,19955375,19908083,15401792,all,77544375,18015292,18015292,19955375,4263833,19908083,15401792
vector,fdece4e,versions,20260920,131072,131072,8,0,0.00855529,131072,NA,NA,NA,16809984,5603219,42,4785945059249892485,0,39551833,38249667,7705000,all,94061792,8555292,8555292,39551833,0,38249667,7705000
skiplist,fdece4e,versions,20260920,131072,131072,8,0,0.0237087,131072,NA,NA,NA,15532032,8178240,62,4785945059249892485,0,8811417,8562417,10222916,all,51305458,23708666,23708666,8811417,42,8562417,10222916
vector,fdece4e,versions,20260920,131072,131072,8,0,0.00705692,131072,NA,NA,NA,16302080,5603179,42,4785945059249892485,0,37005625,35620708,6569042,all,86252292,7056917,7056917,37005625,0,35620708,6569042
skiplist,fdece4e,versions,20260920,131072,131072,8,0,0.0144604,131072,NA,NA,NA,15417344,8182720,62,4785945059249892485,0,13926583,10014167,6593125,all,44994334,14460417,14460417,13926583,42,10014167,6593125
radix,fdece4e,versions,20260920,131072,131072,8,0,0.0269908,131072,NA,NA,NA,29851648,22561648,172,4785945059249892485,0,13781334,19493541,14995042,all,78732334,26990750,26990750,13781334,3471667,19493541,14995042
radix,fdece4e,versions,20260920,131072,131072,8,0,0.0236451,131072,NA,NA,NA,29900800,22541888,171,4785945059249892485,0,17739584,15177250,17317916,all,77987250,23645125,23645125,17739584,4107375,15177250,17317916
vector,fdece4e,versions,20260920,131072,131072,8,0,0.00729488,131072,NA,NA,NA,16728064,5603219,42,4785945059249892485,0,39485458,35363917,6475375,all,88619709,7294875,7294875,39485458,84,35363917,6475375
skiplist,fdece4e,versions,20260920,131072,131072,8,0,0.0223266,131072,NA,NA,NA,15400960,8144392,62,4785945059249892485,0,9944375,7059917,9666291,all,48997208,22326583,22326583,9944375,42,7059917,9666291
vector,fdece4e,versions,20260920,131072,131072,8,0,0.00942492,131072,NA,NA,NA,16400384,5603219,42,4785945059249892485,0,41187292,35447083,6812875,all,92872208,9424916,9424916,41187292,42,35447083,6812875
skiplist,fdece4e,versions,20260920,131072,131072,8,0,0.0221705,131072,NA,NA,NA,15384576,8175416,62,4785945059249892485,0,13797958,8239209,6472291,all,50679958,22170500,22170500,13797958,0,8239209,6472291
radix,fdece4e,versions,20260920,131072,131072,8,0,0.0175527,131072,NA,NA,NA,29966336,22558040,172,4785945059249892485,0,18090750,20462958,13971000,all,73915750,17552708,17552708,18090750,3838334,20462958,13971000
radix,fdece4e,versions,20260920,131072,131072,8,0,0.0212722,131072,NA,NA,NA,29835264,22512768,171,4785945059249892485,0,16567541,19174125,17100959,all,79921959,21272250,21272250,16567541,5807084,19174125,17100959
vector,fdece4e,versions,20260920,131072,131072,8,0,0.00763979,131072,NA,NA,NA,16662528,5603199,42,4785945059249892485,0,38102041,37031500,6268042,all,89041417,7639792,7639792,38102041,42,37031500,6268042
skiplist,fdece4e,versions,20260920,131072,131072,8,0,0.0195597,131072,NA,NA,NA,15433728,8179840,62,4785945059249892485,0,11895875,7221083,6358209,all,45034876,19559667,19559667,11895875,42,7221083,6358209
vector,fdece4e,ascending,20260921,1024,1024,1,0,0.000163708,1024,NA,NA,NA,5865472,42436,41,16340194407465152223,0,68292,63041,49542,all,344583,163708,163708,68292,0,63041,49542
skiplist,fdece4e,ascending,20260921,1024,1024,1,0,0.000328083,1024,NA,NA,NA,5767168,60576,59,16340194407465152223,0,53542,51292,52250,all,485209,328083,328083,53542,42,51292,52250
radix,fdece4e,ascending,20260921,1024,1024,1,0,0.00025575,1024,NA,NA,NA,5881856,181072,176,16340194407465152223,0,54583,54125,49500,all,418542,255750,255750,54583,4584,54125,49500
radix,fdece4e,ascending,20260921,1024,1024,1,0,0.000253166,1024,NA,NA,NA,5881856,181072,176,16340194407465152223,0,52709,54166,49500,all,414166,253166,253166,52709,4625,54166,49500
vector,fdece4e,ascending,20260921,1024,1024,1,0,0.000172959,1024,NA,NA,NA,5849088,42436,41,16340194407465152223,0,132958,122375,84750,all,513167,172959,172959,132958,125,122375,84750
skiplist,fdece4e,ascending,20260921,1024,1024,1,0,0.000343709,1024,NA,NA,NA,5799936,60896,59,16340194407465152223,0,54375,49500,49333,all,496958,343709,343709,54375,41,49500,49333
vector,fdece4e,ascending,20260921,1024,1024,1,0,0.000180458,1024,NA,NA,NA,5865472,42436,41,16340194407465152223,0,70125,65542,51416,all,367541,180458,180458,70125,0,65542,51416
skiplist,fdece4e,ascending,20260921,1024,1024,1,0,0.000342542,1024,NA,NA,NA,5767168,60848,59,16340194407465152223,0,94375,51708,65250,all,553875,342542,342542,94375,0,51708,65250
radix,fdece4e,ascending,20260921,1024,1024,1,0,0.000281125,1024,NA,NA,NA,5898240,181072,176,16340194407465152223,0,54042,57333,51292,all,449625,281125,281125,54042,5833,57333,51292
radix,fdece4e,ascending,20260921,1024,1024,1,0,0.0002675,1024,NA,NA,NA,5881856,181072,176,16340194407465152223,0,54250,54250,49417,all,430000,267500,267500,54250,4583,54250,49417
vector,fdece4e,ascending,20260921,1024,1024,1,0,0.000171583,1024,NA,NA,NA,5849088,42436,41,16340194407465152223,0,66542,63167,49500,all,350917,171583,171583,66542,125,63167,49500
skiplist,fdece4e,ascending,20260921,1024,1024,1,0,0.00033375,1024,NA,NA,NA,5799936,61040,59,16340194407465152223,0,54084,49416,49417,all,486667,333750,333750,54084,0,49416,49417
vector,fdece4e,ascending,20260921,1024,1024,1,0,0.000164917,1024,NA,NA,NA,5865472,42436,41,16340194407465152223,0,70458,65417,49542,all,350334,164917,164917,70458,0,65417,49542
skiplist,fdece4e,ascending,20260921,1024,1024,1,0,0.000376375,1024,NA,NA,NA,5799936,60760,59,16340194407465152223,0,52792,51291,51292,all,531750,376375,376375,52792,0,51291,51292
radix,fdece4e,ascending,20260921,1024,1024,1,0,0.000260417,1024,NA,NA,NA,5881856,181072,176,16340194407465152223,0,54458,54125,49500,all,422958,260417,260417,54458,4458,54125,49500
radix,fdece4e,ascending,20260921,1024,1024,4,0,0.000497,1024,NA,NA,NA,6045696,198392,193,16340194407465152223,0,110125,110542,93041,all,834750,497000,497000,110125,24042,110542,93041
vector,fdece4e,ascending,20260921,1024,1024,4,0,0.00031,1024,NA,NA,NA,6029312,43671,42,16340194407465152223,0,174792,166333,54708,all,705874,310000,310000,174792,41,166333,54708
skiplist,fdece4e,ascending,20260921,1024,1024,4,0,0.000274125,1024,NA,NA,NA,5931008,63184,61,16340194407465152223,0,52375,51375,51291,all,429166,274125,274125,52375,0,51375,51291
vector,fdece4e,ascending,20260921,1024,1024,4,0,0.00026875,1024,NA,NA,NA,6176768,43691,42,16340194407465152223,0,180042,167167,48333,all,664292,268750,268750,180042,0,167167,48333
skiplist,fdece4e,ascending,20260921,1024,1024,4,0,0.000263875,1024,NA,NA,NA,6078464,63768,62,16340194407465152223,0,52459,51291,51250,all,418916,263875,263875,52459,41,51291,51250
radix,fdece4e,ascending,20260921,1024,1024,4,0,0.000272041,1024,NA,NA,NA,6144000,195944,191,16340194407465152223,0,55209,56583,51500,all,440458,272041,272041,55209,5125,56583,51500
radix,fdece4e,ascending,20260921,1024,1024,4,0,0.000550375,1024,NA,NA,NA,5996544,196168,191,16340194407465152223,0,87750,57875,51375,all,753333,550375,550375,87750,5958,57875,51375
vector,fdece4e,ascending,20260921,1024,1024,4,0,0.000252167,1024,NA,NA,NA,6176768,43711,42,16340194407465152223,0,186042,174583,49458,all,662250,252167,252167,186042,0,174583,49458
skiplist,fdece4e,ascending,20260921,1024,1024,4,0,0.000582834,1024,NA,NA,NA,5898240,63576,62,16340194407465152223,0,88041,84542,84208,all,839625,582834,582834,88041,0,84542,84208
vector,fdece4e,ascending,20260921,1024,1024,4,0,0.000244583,1024,NA,NA,NA,6193152,43711,42,16340194407465152223,0,174792,159500,48333,all,627291,244583,244583,174792,83,159500,48333
skiplist,fdece4e,ascending,20260921,1024,1024,4,0,0.000474791,1024,NA,NA,NA,5832704,61184,59,16340194407465152223,0,52959,51375,51291,all,630457,474791,474791,52959,41,51375,51291
radix,fdece4e,ascending,20260921,1024,1024,4,0,0.000285584,1024,NA,NA,NA,6127616,194640,190,16340194407465152223,0,58250,56500,51333,all,456667,285584,285584,58250,5000,56500,51333
radix,fdece4e,ascending,20260921,1024,1024,4,0,0.000296625,1024,NA,NA,NA,6176768,196864,192,16340194407465152223,0,56708,56792,51333,all,466625,296625,296625,56708,5167,56792,51333
vector,fdece4e,ascending,20260921,1024,1024,4,0,0.000272417,1024,NA,NA,NA,6176768,43711,42,16340194407465152223,0,178166,164959,48250,all,663792,272417,272417,178166,0,164959,48250
skiplist,fdece4e,ascending,20260921,1024,1024,4,0,0.00028075,1024,NA,NA,NA,6029312,63752,62,16340194407465152223,0,52584,51375,51291,all,436041,280750,280750,52584,41,51375,51291
radix,fdece4e,ascending,20260921,1024,1024,8,0,0.000376708,1024,NA,NA,NA,6193152,202280,197,16340194407465152223,0,56333,65709,48166,all,552291,376708,376708,56333,5375,65709,48166
vector,fdece4e,ascending,20260921,1024,1024,8,0,0.000288458,1024,NA,NA,NA,6176768,43671,42,16340194407465152223,0,172917,158750,48458,all,668583,288458,288458,172917,0,158750,48458
skiplist,fdece4e,ascending,20260921,1024,1024,8,0,0.000305916,1024,NA,NA,NA,6012928,64096,62,16340194407465152223,0,52584,51291,51292,all,461124,305916,305916,52584,41,51291,51292
vector,fdece4e,ascending,20260921,1024,1024,8,0,0.000395208,1024,NA,NA,NA,6193152,43671,42,16340194407465152223,0,179584,169000,51333,all,795125,395208,395208,179584,0,169000,51333
skiplist,fdece4e,ascending,20260921,1024,1024,8,0,0.000316666,1024,NA,NA,NA,6045696,64048,62,16340194407465152223,0,52750,51292,51250,all,471958,316666,316666,52750,0,51292,51250
radix,fdece4e,ascending,20260921,1024,1024,8,0,0.000442583,1024,NA,NA,NA,6144000,199048,194,16340194407465152223,0,55875,56792,51416,all,612041,442583,442583,55875,5375,56792,51416
radix,fdece4e,ascending,20260921,1024,1024,8,0,0.000384083,1024,NA,NA,NA,6111232,196744,192,16340194407465152223,0,60000,56625,51250,all,557166,384083,384083,60000,5208,56625,51250
vector,fdece4e,ascending,20260921,1024,1024,8,0,0.000288542,1024,NA,NA,NA,6127616,43671,42,16340194407465152223,0,173458,162125,51667,all,675792,288542,288542,173458,0,162125,51667
skiplist,fdece4e,ascending,20260921,1024,1024,8,0,0.0002885,1024,NA,NA,NA,5996544,63720,62,16340194407465152223,0,52583,51292,51250,all,443667,288500,288500,52583,42,51292,51250
vector,fdece4e,ascending,20260921,1024,1024,8,0,0.000317959,1024,NA,NA,NA,6209536,43651,42,16340194407465152223,0,173208,161917,48291,all,701583,317959,317959,173208,208,161917,48291
skiplist,fdece4e,ascending,20260921,1024,1024,8,0,0.000306167,1024,NA,NA,NA,6012928,64400,62,16340194407465152223,0,52500,51375,51375,all,461458,306167,306167,52500,41,51375,51375
radix,fdece4e,ascending,20260921,1024,1024,8,0,0.000402708,1024,NA,NA,NA,6127616,200560,195,16340194407465152223,0,54125,56459,51333,all,569542,402708,402708,54125,4917,56459,51333
radix,fdece4e,ascending,20260921,1024,1024,8,0,0.000383625,1024,NA,NA,NA,6094848,200088,195,16340194407465152223,0,57750,56500,51375,all,554417,383625,383625,57750,5167,56500,51375
vector,fdece4e,ascending,20260921,1024,1024,8,0,0.000399625,1024,NA,NA,NA,6111232,43651,42,16340194407465152223,0,174208,166000,51334,all,791208,399625,399625,174208,41,166000,51334
skiplist,fdece4e,ascending,20260921,1024,1024,8,0,0.000382375,1024,NA,NA,NA,6078464,64608,63,16340194407465152223,0,52666,51375,51292,all,537708,382375,382375,52666,0,51375,51292
vector,fdece4e,random,20260921,1024,1024,1,0,0.000160542,1024,NA,NA,NA,5832704,42436,41,16340194407465152223,0,185500,193875,51875,all,591834,160542,160542,185500,42,193875,51875
skiplist,fdece4e,random,20260921,1024,1024,1,0,0.000418083,1024,NA,NA,NA,5767168,61008,59,16340194407465152223,0,54208,51250,51334,all,574875,418083,418083,54208,0,51250,51334
radix,fdece4e,random,20260921,1024,1024,1,0,0.000275875,1024,NA,NA,NA,5865472,183440,179,16340194407465152223,0,55500,53875,49500,all,439041,275875,275875,55500,4291,53875,49500
radix,fdece4e,random,20260921,1024,1024,1,0,0.000275416,1024,NA,NA,NA,5898240,183440,179,16340194407465152223,0,55292,56083,51542,all,442958,275416,275416,55292,4625,56083,51542
vector,fdece4e,random,20260921,1024,1024,1,0,0.000158959,1024,NA,NA,NA,5865472,42436,41,16340194407465152223,0,178458,169958,53750,all,561125,158959,158959,178458,0,169958,53750
skiplist,fdece4e,random,20260921,1024,1024,1,0,0.000327917,1024,NA,NA,NA,5799936,60936,59,16340194407465152223,0,53208,49500,49334,all,480001,327917,327917,53208,42,49500,49334
vector,fdece4e,random,20260921,1024,1024,1,0,0.000180875,1024,NA,NA,NA,5849088,42436,41,16340194407465152223,0,182292,212792,57583,all,633584,180875,180875,182292,42,212792,57583
skiplist,fdece4e,random,20260921,1024,1024,1,0,0.000330625,1024,NA,NA,NA,5767168,60736,59,16340194407465152223,0,53125,49458,49750,all,482958,330625,330625,53125,0,49458,49750
radix,fdece4e,random,20260921,1024,1024,1,0,0.000287708,1024,NA,NA,NA,5865472,183440,179,16340194407465152223,0,54084,55958,51458,all,453667,287708,287708,54084,4459,55958,51458
radix,fdece4e,random,20260921,1024,1024,1,0,0.000274958,1024,NA,NA,NA,5865472,183440,179,16340194407465152223,0,55459,56333,49500,all,440958,274958,274958,55459,4708,56333,49500
vector,fdece4e,random,20260921,1024,1024,1,0,0.000163459,1024,NA,NA,NA,5849088,42436,41,16340194407465152223,0,186416,178750,51417,all,580084,163459,163459,186416,42,178750,51417
skiplist,fdece4e,random,20260921,1024,1024,1,0,0.000393459,1024,NA,NA,NA,5783552,60952,59,16340194407465152223,0,55208,51333,51375,all,551417,393459,393459,55208,42,51333,51375
vector,fdece4e,random,20260921,1024,1024,1,0,0.000159667,1024,NA,NA,NA,5849088,42436,41,16340194407465152223,0,180125,169500,48333,all,557625,159667,159667,180125,0,169500,48333
skiplist,fdece4e,random,20260921,1024,1024,1,0,0.000330834,1024,NA,NA,NA,5799936,60864,59,16340194407465152223,0,53375,49500,49500,all,483209,330834,330834,53375,0,49500,49500
radix,fdece4e,random,20260921,1024,1024,1,0,0.000271792,1024,NA,NA,NA,5881856,183440,179,16340194407465152223,0,54708,53917,49500,all,434250,271792,271792,54708,4333,53917,49500
radix,fdece4e,random,20260921,1024,1024,4,0,0.000286625,1024,NA,NA,NA,6045696,196936,192,16340194407465152223,0,54459,57375,51333,all,455667,286625,286625,54459,5875,57375,51333
vector,fdece4e,random,20260921,1024,1024,4,0,0.000256333,1024,NA,NA,NA,6242304,43711,42,16340194407465152223,0,184375,174542,51375,all,666625,256333,256333,184375,0,174542,51375
skiplist,fdece4e,random,20260921,1024,1024,4,0,0.000270792,1024,NA,NA,NA,6012928,63576,62,16340194407465152223,0,52417,51458,51333,all,426000,270792,270792,52417,0,51458,51333
vector,fdece4e,random,20260921,1024,1024,4,0,0.000426,1024,NA,NA,NA,6045696,43711,42,16340194407465152223,0,347708,326834,106000,all,1206667,426000,426000,347708,125,326834,106000
skiplist,fdece4e,random,20260921,1024,1024,4,0,0.000404959,1024,NA,NA,NA,5947392,63600,62,16340194407465152223,0,52958,51333,51250,all,560500,404959,404959,52958,0,51333,51250
radix,fdece4e,random,20260921,1024,1024,4,0,0.000260375,1024,NA,NA,NA,6144000,195792,191,16340194407465152223,0,55042,56333,51375,all,428041,260375,260375,55042,4916,56333,51375
radix,fdece4e,random,20260921,1024,1024,4,0,0.000342042,1024,NA,NA,NA,5996544,197064,192,16340194407465152223,0,59000,56333,51375,all,513583,342042,342042,59000,4833,56333,51375
vector,fdece4e,random,20260921,1024,1024,4,0,0.000278416,1024,NA,NA,NA,6209536,43711,42,16340194407465152223,0,183250,168875,48292,all,678874,278416,278416,183250,41,168875,48292
skiplist,fdece4e,random,20260921,1024,1024,4,0,0.000244334,1024,NA,NA,NA,6045696,63512,62,16340194407465152223,0,52541,51292,51500,all,399709,244334,244334,52541,42,51292,51500
vector,fdece4e,random,20260921,1024,1024,4,0,0.000276375,1024,NA,NA,NA,6193152,43691,42,16340194407465152223,0,186542,172417,49500,all,684834,276375,276375,186542,0,172417,49500
skiplist,fdece4e,random,20260921,1024,1024,4,0,0.00035375,1024,NA,NA,NA,5898240,63296,61,16340194407465152223,0,52541,51625,51417,all,509375,353750,353750,52541,42,51625,51417
radix,fdece4e,random,20260921,1024,1024,4,0,0.000285542,1024,NA,NA,NA,6275072,195920,191,16340194407465152223,0,54083,56333,51459,all,452250,285542,285542,54083,4833,56333,51459
radix,fdece4e,random,20260921,1024,1024,4,0,0.000305708,1024,NA,NA,NA,6127616,195584,191,16340194407465152223,0,54375,56084,51333,all,472125,305708,305708,54375,4625,56084,51333
vector,fdece4e,random,20260921,1024,1024,4,0,0.000274208,1024,NA,NA,NA,6225920,43691,42,16340194407465152223,0,182750,171750,49542,all,678292,274208,274208,182750,42,171750,49542
skiplist,fdece4e,random,20260921,1024,1024,4,0,0.000369667,1024,NA,NA,NA,5914624,64136,62,16340194407465152223,0,52333,51542,51250,all,524792,369667,369667,52333,0,51542,51250
radix,fdece4e,random,20260921,1024,1024,8,0,0.000376334,1024,NA,NA,NA,6111232,197288,192,16340194407465152223,0,56250,56458,51375,all,545376,376334,376334,56250,4959,56458,51375
vector,fdece4e,random,20260921,1024,1024,8,0,0.000695125,1024,NA,NA,NA,6062080,43076,42,16340194407465152223,0,188708,178834,51375,all,1114084,695125,695125,188708,42,178834,51375
skiplist,fdece4e,random,20260921,1024,1024,8,0,0.000317958,1024,NA,NA,NA,6012928,63792,62,16340194407465152223,0,53250,51208,51292,all,473708,317958,317958,53250,0,51208,51292
vector,fdece4e,random,20260921,1024,1024,8,0,0.000309625,1024,NA,NA,NA,6094848,43671,42,16340194407465152223,0,185875,182958,51417,all,729875,309625,309625,185875,0,182958,51417
skiplist,fdece4e,random,20260921,1024,1024,8,0,0.000408084,1024,NA,NA,NA,6029312,64208,62,16340194407465152223,0,54000,51458,51208,all,564791,408084,408084,54000,41,51458,51208
radix,fdece4e,random,20260921,1024,1024,8,0,0.000351834,1024,NA,NA,NA,6144000,199480,194,16340194407465152223,0,54750,56333,51333,all,519250,351834,351834,54750,5000,56333,51333
radix,fdece4e,random,20260921,1024,1024,8,0,0.000354667,1024,NA,NA,NA,6307840,199288,194,16340194407465152223,0,54875,56375,51458,all,522209,354667,354667,54875,4834,56375,51458
vector,fdece4e,random,20260921,1024,1024,8,0,0.00028425,1024,NA,NA,NA,6127616,43651,42,16340194407465152223,0,185250,179250,51375,all,700167,284250,284250,185250,42,179250,51375
skiplist,fdece4e,random,20260921,1024,1024,8,0,0.000350333,1024,NA,NA,NA,6029312,63648,62,16340194407465152223,0,52417,51375,56250,all,510417,350333,350333,52417,42,51375,56250
vector,fdece4e,random,20260921,1024,1024,8,0,0.000334834,1024,NA,NA,NA,6144000,43691,42,16340194407465152223,0,186041,177959,51416,all,750250,334834,334834,186041,0,177959,51416
skiplist,fdece4e,random,20260921,1024,1024,8,0,0.00030375,1024,NA,NA,NA,6045696,63552,62,16340194407465152223,0,52292,51333,51292,all,458667,303750,303750,52292,0,51333,51292
radix,fdece4e,random,20260921,1024,1024,8,0,0.000324458,1024,NA,NA,NA,6127616,199296,194,16340194407465152223,0,54667,56417,51291,all,491874,324458,324458,54667,5041,56417,51291
radix,fdece4e,random,20260921,1024,1024,8,0,0.000393667,1024,NA,NA,NA,6160384,198904,194,16340194407465152223,0,57208,56584,51500,all,564209,393667,393667,57208,5250,56584,51500
vector,fdece4e,random,20260921,1024,1024,8,0,0.000301541,1024,NA,NA,NA,6176768,43671,42,16340194407465152223,0,184000,169542,49708,all,704832,301541,301541,184000,41,169542,49708
skiplist,fdece4e,random,20260921,1024,1024,8,0,0.000425542,1024,NA,NA,NA,6045696,63832,62,16340194407465152223,0,54250,51417,61083,all,592292,425542,425542,54250,0,51417,61083
vector,fdece4e,versions,20260921,1024,1024,1,0,0.000175916,1024,NA,NA,NA,5832704,42436,41,3561195745626025575,0,188084,177791,49625,all,591500,175916,175916,188084,84,177791,49625
skiplist,fdece4e,versions,20260921,1024,1024,1,0,0.000330334,1024,NA,NA,NA,5799936,60752,59,3561195745626025575,0,53333,49583,49542,all,482792,330334,330334,53333,0,49583,49542
radix,fdece4e,versions,20260921,1024,1024,1,0,0.000386917,1024,NA,NA,NA,5865472,160832,157,3561195745626025575,0,56167,57208,51500,all,557459,386917,386917,56167,5667,57208,51500
radix,fdece4e,versions,20260921,1024,1024,1,0,0.000303958,1024,NA,NA,NA,5865472,160832,157,3561195745626025575,0,55625,55042,49541,all,469499,303958,303958,55625,5333,55042,49541
vector,fdece4e,versions,20260921,1024,1024,1,0,0.000161625,1024,NA,NA,NA,5832704,42436,41,3561195745626025575,0,179833,169000,48417,all,558916,161625,161625,179833,41,169000,48417
skiplist,fdece4e,versions,20260921,1024,1024,1,0,0.000358084,1024,NA,NA,NA,5783552,60864,59,3561195745626025575,0,53250,49541,49542,all,510417,358084,358084,53250,0,49541,49542
vector,fdece4e,versions,20260921,1024,1024,1,0,0.000159875,1024,NA,NA,NA,5849088,42436,41,3561195745626025575,0,187209,188583,51542,all,587251,159875,159875,187209,42,188583,51542
skiplist,fdece4e,versions,20260921,1024,1024,1,0,0.000343417,1024,NA,NA,NA,5750784,60712,59,3561195745626025575,0,55916,51500,51375,all,502250,343417,343417,55916,42,51500,51375
radix,fdece4e,versions,20260921,1024,1024,1,0,0.000323541,1024,NA,NA,NA,5849088,160832,157,3561195745626025575,0,57209,55125,49541,all,490875,323541,323541,57209,5459,55125,49541
radix,fdece4e,versions,20260921,1024,1024,1,0,0.000314291,1024,NA,NA,NA,5865472,160832,157,3561195745626025575,0,122750,129167,90208,all,691541,314291,314291,122750,35125,129167,90208
vector,fdece4e,versions,20260921,1024,1024,1,0,0.000178541,1024,NA,NA,NA,5898240,42436,41,3561195745626025575,0,190084,174500,49625,all,592750,178541,178541,190084,0,174500,49625
skiplist,fdece4e,versions,20260921,1024,1024,1,0,0.000352416,1024,NA,NA,NA,5750784,60880,59,3561195745626025575,0,53375,49542,49625,all,505000,352416,352416,53375,42,49542,49625
vector,fdece4e,versions,20260921,1024,1024,1,0,0.000153916,1024,NA,NA,NA,5832704,42436,41,3561195745626025575,0,181792,170292,48333,all,554333,153916,153916,181792,0,170292,48333
skiplist,fdece4e,versions,20260921,1024,1024,1,0,0.000337208,1024,NA,NA,NA,5783552,61024,59,3561195745626025575,0,53375,49584,49541,all,489708,337208,337208,53375,0,49584,49541
radix,fdece4e,versions,20260921,1024,1024,1,0,0.000298958,1024,NA,NA,NA,5865472,160832,157,3561195745626025575,0,55459,55041,49584,all,464417,298958,298958,55459,5375,55041,49584
radix,fdece4e,versions,20260921,1024,1024,4,0,0.000264541,1024,NA,NA,NA,6045696,179432,175,3561195745626025575,0,57000,57667,51417,all,436667,264541,264541,57000,6042,57667,51417
vector,fdece4e,versions,20260921,1024,1024,4,0,0.000237791,1024,NA,NA,NA,6225920,43691,42,3561195745626025575,0,193167,176500,48375,all,655874,237791,237791,193167,41,176500,48375
skiplist,fdece4e,versions,20260921,1024,1024,4,0,0.00026925,1024,NA,NA,NA,5898240,64512,63,3561195745626025575,0,53250,52125,52375,all,427000,269250,269250,53250,0,52125,52375
vector,fdece4e,versions,20260921,1024,1024,4,0,0.000339167,1024,NA,NA,NA,6045696,43691,42,3561195745626025575,0,201292,189791,51667,all,781958,339167,339167,201292,41,189791,51667
skiplist,fdece4e,versions,20260921,1024,1024,4,0,0.000613958,1024,NA,NA,NA,5898240,64088,62,3561195745626025575,0,97292,86417,86583,all,884250,613958,613958,97292,0,86417,86583
radix,fdece4e,versions,20260921,1024,1024,4,0,0.000267375,1024,NA,NA,NA,6111232,172744,168,3561195745626025575,0,56917,57833,51459,all,439875,267375,267375,56917,6291,57833,51459
radix,fdece4e,versions,20260921,1024,1024,4,0,0.00031325,1024,NA,NA,NA,6012928,174088,170,3561195745626025575,0,56208,57833,51375,all,484916,313250,313250,56208,6250,57833,51375
vector,fdece4e,versions,20260921,1024,1024,4,0,0.000260125,1024,NA,NA,NA,6209536,43691,42,3561195745626025575,0,197417,179083,48375,all,685041,260125,260125,197417,41,179083,48375
skiplist,fdece4e,versions,20260921,1024,1024,4,0,0.000262625,1024,NA,NA,NA,5947392,63512,62,3561195745626025575,0,52417,51416,51417,all,417916,262625,262625,52417,41,51416,51417
vector,fdece4e,versions,20260921,1024,1024,4,0,0.000491875,1024,NA,NA,NA,6062080,43691,42,3561195745626025575,0,309875,186833,51459,all,1040042,491875,491875,309875,0,186833,51459
skiplist,fdece4e,versions,20260921,1024,1024,4,0,0.00029425,1024,NA,NA,NA,6012928,63640,62,3561195745626025575,0,52583,51500,51292,all,449625,294250,294250,52583,0,51500,51292
radix,fdece4e,versions,20260921,1024,1024,4,0,0.0004895,1024,NA,NA,NA,6012928,174728,170,3561195745626025575,0,469709,59791,55417,all,1081959,489500,489500,469709,7542,59791,55417
radix,fdece4e,versions,20260921,1024,1024,4,0,0.000337375,1024,NA,NA,NA,6144000,169856,165,3561195745626025575,0,64250,58375,51459,all,518167,337375,337375,64250,6708,58375,51459
vector,fdece4e,versions,20260921,1024,1024,4,0,0.000271708,1024,NA,NA,NA,6111232,43691,42,3561195745626025575,0,195917,186333,50542,all,704541,271708,271708,195917,41,186333,50542
skiplist,fdece4e,versions,20260921,1024,1024,4,0,0.000553459,1024,NA,NA,NA,5898240,63304,61,3561195745626025575,0,52625,53166,51417,all,710708,553459,553459,52625,41,53166,51417
radix,fdece4e,versions,20260921,1024,1024,8,0,0.000321292,1024,NA,NA,NA,6078464,167808,163,3561195745626025575,0,57416,58000,51375,all,494583,321292,321292,57416,6500,58000,51375
vector,fdece4e,versions,20260921,1024,1024,8,0,0.000304833,1024,NA,NA,NA,6111232,43691,42,3561195745626025575,0,196125,187458,51667,all,740083,304833,304833,196125,0,187458,51667
skiplist,fdece4e,versions,20260921,1024,1024,8,0,0.000381375,1024,NA,NA,NA,6045696,63656,62,3561195745626025575,0,53583,51459,51416,all,537875,381375,381375,53583,42,51459,51416
vector,fdece4e,versions,20260921,1024,1024,8,0,0.000360458,1024,NA,NA,NA,6144000,43631,42,3561195745626025575,0,197708,178334,48291,all,784791,360458,360458,197708,0,178334,48291
skiplist,fdece4e,versions,20260921,1024,1024,8,0,0.000363917,1024,NA,NA,NA,5980160,63184,61,3561195745626025575,0,53958,51417,51542,all,520834,363917,363917,53958,0,51417,51542
radix,fdece4e,versions,20260921,1024,1024,8,0,0.000371292,1024,NA,NA,NA,6127616,176864,172,3561195745626025575,0,57625,58125,51458,all,545166,371292,371292,57625,6666,58125,51458
radix,fdece4e,versions,20260921,1024,1024,8,0,0.000391708,1024,NA,NA,NA,6144000,175416,171,3561195745626025575,0,57667,57958,51417,all,565208,391708,391708,57667,6458,57958,51417
vector,fdece4e,versions,20260921,1024,1024,8,0,0.000294292,1024,NA,NA,NA,6160384,43691,42,3561195745626025575,0,192958,183500,48750,all,719542,294292,294292,192958,42,183500,48750
skiplist,fdece4e,versions,20260921,1024,1024,8,0,0.000295542,1024,NA,NA,NA,6029312,64288,62,3561195745626025575,0,53208,51542,51458,all,451750,295542,295542,53208,0,51542,51458
vector,fdece4e,versions,20260921,1024,1024,8,0,0.000444541,1024,NA,NA,NA,6094848,43691,42,3561195745626025575,0,203375,188834,51500,all,888250,444541,444541,203375,0,188834,51500
skiplist,fdece4e,versions,20260921,1024,1024,8,0,0.000348625,1024,NA,NA,NA,6045696,63384,61,3561195745626025575,0,53166,51375,51375,all,504583,348625,348625,53166,42,51375,51375
radix,fdece4e,versions,20260921,1024,1024,8,0,0.000394125,1024,NA,NA,NA,6094848,164424,160,3561195745626025575,0,57000,57792,55958,all,571167,394125,394125,57000,6292,57792,55958
radix,fdece4e,versions,20260921,1024,1024,8,0,0.0004465,1024,NA,NA,NA,6127616,165368,161,3561195745626025575,0,60333,57875,51458,all,622541,446500,446500,60333,6375,57875,51458
vector,fdece4e,versions,20260921,1024,1024,8,0,0.000335667,1024,NA,NA,NA,6225920,43671,42,3561195745626025575,0,194500,175583,48334,all,754084,335667,335667,194500,0,175583,48334
skiplist,fdece4e,versions,20260921,1024,1024,8,0,0.00032325,1024,NA,NA,NA,6012928,63712,62,3561195745626025575,0,52584,51666,51417,all,478917,323250,323250,52584,0,51666,51417
vector,fdece4e,ascending,20260921,16384,16384,1,0,0.00179317,16384,NA,NA,NA,7028736,679171,41,10391311361299390019,0,1191583,1077042,845458,all,4907375,1793167,1793167,1191583,125,1077042,845458
skiplist,fdece4e,ascending,20260921,16384,16384,1,0,0.00592117,16384,NA,NA,NA,6815744,969024,59,10391311361299390019,0,781833,801250,834250,all,8338500,5921167,5921167,781833,0,801250,834250
radix,fdece4e,ascending,20260921,16384,16384,1,0,0.00365675,16384,NA,NA,NA,8749056,2910392,177,10391311361299390019,0,794458,875458,800500,all,6198791,3656750,3656750,794458,71625,875458,800500
radix,fdece4e,ascending,20260921,16384,16384,1,0,0.00388383,16384,NA,NA,NA,8749056,2910392,177,10391311361299390019,0,861708,957250,852500,all,6693958,3883833,3883833,861708,138667,957250,852500
vector,fdece4e,ascending,20260921,16384,16384,1,0,0.00206604,16384,NA,NA,NA,7028736,679171,41,10391311361299390019,0,1062792,1068291,827334,all,5024459,2066042,2066042,1062792,0,1068291,827334
skiplist,fdece4e,ascending,20260921,16384,16384,1,0,0.00619517,16384,NA,NA,NA,6832128,969792,59,10391311361299390019,0,1355416,1403000,1340792,all,10294417,6195167,6195167,1355416,42,1403000,1340792
vector,fdece4e,ascending,20260921,16384,16384,1,0,0.00185379,16384,NA,NA,NA,6963200,679171,41,10391311361299390019,0,1091875,1043458,821542,all,4810792,1853792,1853792,1091875,125,1043458,821542
skiplist,fdece4e,ascending,20260921,16384,16384,1,0,0.00561296,16384,NA,NA,NA,6832128,970456,59,10391311361299390019,0,792250,778416,788459,all,7972084,5612959,5612959,792250,0,778416,788459
radix,fdece4e,ascending,20260921,16384,16384,1,0,0.0036015,16384,NA,NA,NA,8749056,2910392,177,10391311361299390019,0,788458,895167,796083,all,6151708,3601500,3601500,788458,70500,895167,796083
radix,fdece4e,ascending,20260921,16384,16384,1,0,0.00359104,16384,NA,NA,NA,8749056,2910392,177,10391311361299390019,0,824542,927208,808625,all,6255083,3591041,3591041,824542,103667,927208,808625
vector,fdece4e,ascending,20260921,16384,16384,1,0,0.00181829,16384,NA,NA,NA,6995968,679171,41,10391311361299390019,0,1080083,1051583,821959,all,4771917,1818292,1818292,1080083,0,1051583,821959
skiplist,fdece4e,ascending,20260921,16384,16384,1,0,0.00600525,16384,NA,NA,NA,6832128,969440,59,10391311361299390019,0,814583,771292,806167,all,8397292,6005250,6005250,814583,0,771292,806167
vector,fdece4e,ascending,20260921,16384,16384,1,0,0.0017035,16384,NA,NA,NA,7028736,679171,41,10391311361299390019,0,993459,978125,783833,all,4458959,1703500,1703500,993459,42,978125,783833
skiplist,fdece4e,ascending,20260921,16384,16384,1,0,0.00539871,16384,NA,NA,NA,6848512,970112,59,10391311361299390019,0,824625,1033083,821375,all,8077834,5398709,5398709,824625,42,1033083,821375
radix,fdece4e,ascending,20260921,16384,16384,1,0,0.00375463,16384,NA,NA,NA,8749056,2910392,177,10391311361299390019,0,799083,847708,771375,all,6246333,3754625,3754625,799083,73542,847708,771375
radix,fdece4e,ascending,20260921,16384,16384,4,0,0.00245183,16384,NA,NA,NA,9437184,3176688,193,10391311361299390019,0,828125,893125,790708,all,5053083,2451833,2451833,828125,89292,893125,790708
vector,fdece4e,ascending,20260921,16384,16384,4,0,0.00173663,16384,NA,NA,NA,7569408,700290,42,10391311361299390019,0,4664416,3808042,822375,all,11031458,1736625,1736625,4664416,0,3808042,822375
skiplist,fdece4e,ascending,20260921,16384,16384,4,0,0.00247692,16384,NA,NA,NA,7225344,1017464,62,10391311361299390019,0,853084,818500,828041,all,4976583,2476916,2476916,853084,42,818500,828041
vector,fdece4e,ascending,20260921,16384,16384,4,0,0.000917542,16384,NA,NA,NA,7487488,700331,42,10391311361299390019,0,3573833,3448250,778917,all,8718584,917542,917542,3573833,42,3448250,778917
skiplist,fdece4e,ascending,20260921,16384,16384,4,0,0.00229288,16384,NA,NA,NA,7110656,1016848,62,10391311361299390019,0,815708,800417,771416,all,4680416,2292875,2292875,815708,0,800417,771416
radix,fdece4e,ascending,20260921,16384,16384,4,0,0.00194221,16384,NA,NA,NA,9601024,3257576,198,10391311361299390019,0,826583,855375,771833,all,4477292,1942209,1942209,826583,81292,855375,771833
radix,fdece4e,ascending,20260921,16384,16384,4,0,0.00402025,16384,NA,NA,NA,9207808,3148720,192,10391311361299390019,0,1068875,1143917,900458,all,7412708,4020250,4020250,1068875,279208,1143917,900458
vector,fdece4e,ascending,20260921,16384,16384,4,0,0.00133829,16384,NA,NA,NA,7520256,700331,42,10391311361299390019,0,3644125,3682708,820667,all,9485792,1338292,1338292,3644125,0,3682708,820667
skiplist,fdece4e,ascending,20260921,16384,16384,4,0,0.00229508,16384,NA,NA,NA,7274496,1015016,61,10391311361299390019,0,849916,836167,837750,all,4818959,2295084,2295084,849916,42,836167,837750
vector,fdece4e,ascending,20260921,16384,16384,4,0,0.000923792,16384,NA,NA,NA,7503872,700331,42,10391311361299390019,0,3464416,3441584,801541,all,8631458,923792,923792,3464416,125,3441584,801541
skiplist,fdece4e,ascending,20260921,16384,16384,4,0,0.0022895,16384,NA,NA,NA,7274496,1017872,62,10391311361299390019,0,796667,804375,801542,all,4692126,2289500,2289500,796667,42,804375,801542
radix,fdece4e,ascending,20260921,16384,16384,4,0,0.00434525,16384,NA,NA,NA,9289728,3161776,192,10391311361299390019,0,2228334,1442458,867583,all,9292250,4345250,4345250,2228334,408625,1442458,867583
radix,fdece4e,ascending,20260921,16384,16384,4,0,0.00527892,16384,NA,NA,NA,9158656,3157936,192,10391311361299390019,0,1409167,1076458,882542,all,8800250,5278916,5278916,1409167,153167,1076458,882542
vector,fdece4e,ascending,20260921,16384,16384,4,0,0.00128171,16384,NA,NA,NA,7569408,700331,42,10391311361299390019,0,3710709,3546833,823875,all,9363125,1281708,1281708,3710709,0,3546833,823875
skiplist,fdece4e,ascending,20260921,16384,16384,4,0,0.00210954,16384,NA,NA,NA,7176192,1015472,61,10391311361299390019,0,787417,771333,776875,all,4445167,2109542,2109542,787417,0,771333,776875
radix,fdece4e,ascending,20260921,16384,16384,8,0,0.002644,16384,NA,NA,NA,9535488,3183272,194,10391311361299390019,0,823333,896417,791833,all,5236708,2644000,2644000,823333,81125,896417,791833
vector,fdece4e,ascending,20260921,16384,16384,8,0,0.00209875,16384,NA,NA,NA,7536640,700291,42,10391311361299390019,0,4145833,3317875,807375,all,10369833,2098750,2098750,4145833,0,3317875,807375
skiplist,fdece4e,ascending,20260921,16384,16384,8,0,0.00493688,16384,NA,NA,NA,7290880,1018864,62,10391311361299390019,0,1649958,1114084,830791,all,8531708,4936875,4936875,1649958,0,1114084,830791
vector,fdece4e,ascending,20260921,16384,16384,8,0,0.00130479,16384,NA,NA,NA,7602176,700271,42,10391311361299390019,0,3644417,3552917,836666,all,9338833,1304791,1304791,3644417,42,3552917,836666
skiplist,fdece4e,ascending,20260921,16384,16384,8,0,0.00222475,16384,NA,NA,NA,7340032,1019048,62,10391311361299390019,0,844000,894667,809875,all,4773292,2224750,2224750,844000,0,894667,809875
radix,fdece4e,ascending,20260921,16384,16384,8,0,0.00274783,16384,NA,NA,NA,9535488,3234680,197,10391311361299390019,0,1216959,1047083,894542,all,6051417,2747833,2747833,1216959,145000,1047083,894542
radix,fdece4e,ascending,20260921,16384,16384,8,0,0.00296387,16384,NA,NA,NA,9633792,3249840,198,10391311361299390019,0,905416,936042,793667,all,5712125,2963875,2963875,905416,113125,936042,793667
vector,fdece4e,ascending,20260921,16384,16384,8,0,0.00156917,16384,NA,NA,NA,7634944,700291,42,10391311361299390019,0,4236167,3444833,778500,all,10028666,1569166,1569166,4236167,0,3444833,778500
skiplist,fdece4e,ascending,20260921,16384,16384,8,0,0.00276371,16384,NA,NA,NA,7323648,1021024,62,10391311361299390019,0,851125,813583,800083,all,5228542,2763709,2763709,851125,42,813583,800083
vector,fdece4e,ascending,20260921,16384,16384,8,0,0.00128496,16384,NA,NA,NA,7716864,700291,42,10391311361299390019,0,3742208,3429209,823041,all,9279624,1284958,1284958,3742208,208,3429209,823041
skiplist,fdece4e,ascending,20260921,16384,16384,8,0,0.00310996,16384,NA,NA,NA,7274496,1022272,62,10391311361299390019,0,875209,872916,850667,all,5708750,3109958,3109958,875209,0,872916,850667
radix,fdece4e,ascending,20260921,16384,16384,8,0,0.0024335,16384,NA,NA,NA,9568256,3222824,196,10391311361299390019,0,830375,879250,778959,all,5003917,2433500,2433500,830375,81833,879250,778959
radix,fdece4e,ascending,20260921,16384,16384,8,0,0.00274271,16384,NA,NA,NA,9502720,3215344,196,10391311361299390019,0,818458,858125,792542,all,5293417,2742709,2742709,818458,81583,858125,792542
vector,fdece4e,ascending,20260921,16384,16384,8,0,0.00175304,16384,NA,NA,NA,7618560,700311,42,10391311361299390019,0,3681708,3568792,829208,all,9832875,1753042,1753042,3681708,125,3568792,829208
skiplist,fdece4e,ascending,20260921,16384,16384,8,0,0.00262225,16384,NA,NA,NA,7340032,1019552,62,10391311361299390019,0,827541,824167,822250,all,5096250,2622250,2622250,827541,42,824167,822250
vector,fdece4e,random,20260921,16384,16384,1,0,0.001766,16384,NA,NA,NA,7028736,679171,41,10391311361299390019,0,3784208,3738667,820000,all,10108875,1766000,1766000,3784208,0,3738667,820000
skiplist,fdece4e,random,20260921,16384,16384,1,0,0.00590596,16384,NA,NA,NA,6815744,970264,59,10391311361299390019,0,786541,1096750,927292,all,8716542,5905959,5905959,786541,0,1096750,927292
radix,fdece4e,random,20260921,16384,16384,1,0,0.00427321,16384,NA,NA,NA,8798208,2940360,179,10391311361299390019,0,1859667,2367125,1140583,all,9961749,4273208,4273208,1859667,321166,2367125,1140583
radix,fdece4e,random,20260921,16384,16384,1,0,0.00413242,16384,NA,NA,NA,8765440,2940360,179,10391311361299390019,0,1003917,857125,771208,all,6847166,4132416,4132416,1003917,82500,857125,771208
vector,fdece4e,random,20260921,16384,16384,1,0,0.00180942,16384,NA,NA,NA,6995968,679171,41,10391311361299390019,0,3619625,3672917,781333,all,9883375,1809417,1809417,3619625,83,3672917,781333
skiplist,fdece4e,random,20260921,16384,16384,1,0,0.00611121,16384,NA,NA,NA,6815744,968696,59,10391311361299390019,0,955250,808042,799792,all,8674334,6111208,6111208,955250,42,808042,799792
vector,fdece4e,random,20260921,16384,16384,1,0,0.00191254,16384,NA,NA,NA,7159808,679171,41,10391311361299390019,0,5348917,3527666,790542,all,11579667,1912542,1912542,5348917,0,3527666,790542
skiplist,fdece4e,random,20260921,16384,16384,1,0,0.00696354,16384,NA,NA,NA,6832128,969528,59,10391311361299390019,0,1068875,827709,826583,all,9686749,6963541,6963541,1068875,41,827709,826583
radix,fdece4e,random,20260921,16384,16384,1,0,0.00443746,16384,NA,NA,NA,8781824,2940360,179,10391311361299390019,0,1851625,1016500,833208,all,8308042,4437459,4437459,1851625,169250,1016500,833208
radix,fdece4e,random,20260921,16384,16384,1,0,0.00414954,16384,NA,NA,NA,8798208,2940360,179,10391311361299390019,0,1106209,851666,790334,all,6975375,4149541,4149541,1106209,77625,851666,790334
vector,fdece4e,random,20260921,16384,16384,1,0,0.00176725,16384,NA,NA,NA,7028736,679171,41,10391311361299390019,0,3608583,4091000,807625,all,10274458,1767250,1767250,3608583,0,4091000,807625
skiplist,fdece4e,random,20260921,16384,16384,1,0,0.00614667,16384,NA,NA,NA,6815744,970128,59,10391311361299390019,0,837333,806708,826334,all,8617084,6146667,6146667,837333,42,806708,826334
vector,fdece4e,random,20260921,16384,16384,1,0,0.00169812,16384,NA,NA,NA,7028736,679171,41,10391311361299390019,0,3554500,3627375,783291,all,9663291,1698125,1698125,3554500,0,3627375,783291
skiplist,fdece4e,random,20260921,16384,16384,1,0,0.00637604,16384,NA,NA,NA,6832128,969280,59,10391311361299390019,0,808875,771333,811167,all,8767417,6376042,6376042,808875,0,771333,811167
radix,fdece4e,random,20260921,16384,16384,1,0,0.00406158,16384,NA,NA,NA,8814592,2940360,179,10391311361299390019,0,1051416,891584,802958,all,6911876,4061584,4061584,1051416,104334,891584,802958
radix,fdece4e,random,20260921,16384,16384,4,0,0.00438742,16384,NA,NA,NA,9125888,3139808,191,10391311361299390019,0,1271167,1051166,864084,all,7713042,4387417,4387417,1271167,139208,1051166,864084
vector,fdece4e,random,20260921,16384,16384,4,0,0.00150471,16384,NA,NA,NA,7405568,700331,42,10391311361299390019,0,4725583,4844583,791709,all,11866709,1504709,1504709,4725583,125,4844583,791709
skiplist,fdece4e,random,20260921,16384,16384,4,0,0.00198937,16384,NA,NA,NA,7208960,1012888,61,10391311361299390019,0,791916,770917,855500,all,4407750,1989375,1989375,791916,42,770917,855500
vector,fdece4e,random,20260921,16384,16384,4,0,0.000933584,16384,NA,NA,NA,7487488,700331,42,10391311361299390019,0,3621750,3728916,798792,all,9083084,933584,933584,3621750,42,3728916,798792
skiplist,fdece4e,random,20260921,16384,16384,4,0,0.00224696,16384,NA,NA,NA,7274496,1019936,62,10391311361299390019,0,798875,945292,797083,all,4788250,2246958,2246958,798875,42,945292,797083
radix,fdece4e,random,20260921,16384,16384,4,0,0.00686504,16384,NA,NA,NA,9109504,3106064,189,10391311361299390019,0,1571750,1103625,851167,all,10527583,6865041,6865041,1571750,136000,1103625,851167
radix,fdece4e,random,20260921,16384,16384,4,0,0.00477813,16384,NA,NA,NA,9453568,3135320,191,10391311361299390019,0,2973084,1442541,782375,all,10301917,4778125,4778125,2973084,325792,1442541,782375
vector,fdece4e,random,20260921,16384,16384,4,0,0.000954166,16384,NA,NA,NA,7487488,700331,42,10391311361299390019,0,4287750,3776667,819875,all,9838458,954166,954166,4287750,0,3776667,819875
skiplist,fdece4e,random,20260921,16384,16384,4,0,0.00202508,16384,NA,NA,NA,7176192,1017672,62,10391311361299390019,0,790542,802792,803458,all,4421875,2025083,2025083,790542,0,802792,803458
vector,fdece4e,random,20260921,16384,16384,4,0,0.000924333,16384,NA,NA,NA,7503872,700351,42,10391311361299390019,0,3600542,3601208,783083,all,8909250,924333,924333,3600542,84,3601208,783083
skiplist,fdece4e,random,20260921,16384,16384,4,0,0.00201917,16384,NA,NA,NA,7192576,1016016,62,10391311361299390019,0,788584,816416,792500,all,4416707,2019166,2019166,788584,41,816416,792500
radix,fdece4e,random,20260921,16384,16384,4,0,0.00206804,16384,NA,NA,NA,9289728,3144712,191,10391311361299390019,0,3156417,1684667,857083,all,8438541,2068041,2068041,3156417,672333,1684667,857083
radix,fdece4e,random,20260921,16384,16384,4,0,0.00528179,16384,NA,NA,NA,9322496,3128896,190,10391311361299390019,0,1263375,1172000,995083,all,8871750,5281792,5281792,1263375,159500,1172000,995083
vector,fdece4e,random,20260921,16384,16384,4,0,0.000920542,16384,NA,NA,NA,7503872,700331,42,10391311361299390019,0,3731792,3585916,770584,all,9008876,920542,920542,3731792,42,3585916,770584
skiplist,fdece4e,random,20260921,16384,16384,4,0,0.00491367,16384,NA,NA,NA,6946816,1013152,61,10391311361299390019,0,1090667,1311083,893417,all,8208875,4913667,4913667,1090667,41,1311083,893417
radix,fdece4e,random,20260921,16384,16384,8,0,0.00266721,16384,NA,NA,NA,9469952,3150984,192,10391311361299390019,0,960416,940584,1316500,all,5991959,2667209,2667209,960416,107250,940584,1316500
vector,fdece4e,random,20260921,16384,16384,8,0,0.00100042,16384,NA,NA,NA,7569408,700291,42,10391311361299390019,0,3611250,3540750,853625,all,9006125,1000417,1000417,3611250,83,3540750,853625
skiplist,fdece4e,random,20260921,16384,16384,8,0,0.00285708,16384,NA,NA,NA,7405568,1020464,62,10391311361299390019,0,784959,771000,784541,all,5197624,2857083,2857083,784959,41,771000,784541
vector,fdece4e,random,20260921,16384,16384,8,0,0.00153958,16384,NA,NA,NA,7602176,700291,42,10391311361299390019,0,4136000,3975250,855750,all,10506876,1539584,1539584,4136000,292,3975250,855750
skiplist,fdece4e,random,20260921,16384,16384,8,0,0.00633854,16384,NA,NA,NA,7061504,1017224,62,10391311361299390019,0,913959,843125,832000,all,8927625,6338541,6338541,913959,0,843125,832000
radix,fdece4e,random,20260921,16384,16384,8,0,0.00318808,16384,NA,NA,NA,9519104,3145656,191,10391311361299390019,0,3003625,2237958,895000,all,9893500,3188084,3188084,3003625,568833,2237958,895000
radix,fdece4e,random,20260921,16384,16384,8,0,0.00253942,16384,NA,NA,NA,9437184,3153496,192,10391311361299390019,0,1166750,979125,776250,all,5604833,2539416,2539416,1166750,143292,979125,776250
vector,fdece4e,random,20260921,16384,16384,8,0,0.00110925,16384,NA,NA,NA,7585792,700311,42,10391311361299390019,0,3624084,4097125,830125,all,9660667,1109250,1109250,3624084,83,4097125,830125
skiplist,fdece4e,random,20260921,16384,16384,8,0,0.00276783,16384,NA,NA,NA,7323648,1021176,62,10391311361299390019,0,819875,771375,791417,all,5150542,2767833,2767833,819875,42,771375,791417
vector,fdece4e,random,20260921,16384,16384,8,0,0.00251579,16384,NA,NA,NA,7471104,700291,42,10391311361299390019,0,3940666,3596292,798000,all,10850750,2515792,2515792,3940666,0,3596292,798000
skiplist,fdece4e,random,20260921,16384,16384,8,0,0.0062015,16384,NA,NA,NA,7077888,1015480,61,10391311361299390019,0,892791,837000,797834,all,8729125,6201500,6201500,892791,0,837000,797834
radix,fdece4e,random,20260921,16384,16384,8,0,0.0041045,16384,NA,NA,NA,9207808,3152992,192,10391311361299390019,0,3826584,2014125,1109958,all,11726834,4104500,4104500,3826584,671667,2014125,1109958
radix,fdece4e,random,20260921,16384,16384,8,0,0.00233579,16384,NA,NA,NA,9535488,3153704,192,10391311361299390019,0,1046875,905208,960834,all,5356167,2335792,2335792,1046875,107458,905208,960834
vector,fdece4e,random,20260921,16384,16384,8,0,0.00110979,16384,NA,NA,NA,7684096,700271,42,10391311361299390019,0,3799000,4065083,827042,all,9801000,1109792,1109792,3799000,83,4065083,827042
skiplist,fdece4e,random,20260921,16384,16384,8,0,0.00263154,16384,NA,NA,NA,7356416,1017616,62,10391311361299390019,0,890208,927625,840709,all,5290084,2631542,2631542,890208,0,927625,840709
vector,fdece4e,versions,20260921,16384,16384,1,0,0.00174192,16384,NA,NA,NA,7028736,679171,41,4006942161777933379,0,3501167,3473500,771041,all,9487750,1741917,1741917,3501167,125,3473500,771041
skiplist,fdece4e,versions,20260921,16384,16384,1,0,0.00584904,16384,NA,NA,NA,6832128,970072,59,4006942161777933379,0,800417,884583,923042,all,8457083,5849041,5849041,800417,0,884583,923042
radix,fdece4e,versions,20260921,16384,16384,1,0,0.00444,16384,NA,NA,NA,8503296,2664784,162,4006942161777933379,0,850041,987250,837000,all,7209499,4440000,4440000,850041,95208,987250,837000
radix,fdece4e,versions,20260921,16384,16384,1,0,0.00538921,16384,NA,NA,NA,8536064,2664784,162,4006942161777933379,0,1471375,976459,786750,all,8774125,5389208,5389208,1471375,150333,976459,786750
vector,fdece4e,versions,20260921,16384,16384,1,0,0.00227142,16384,NA,NA,NA,7061504,679171,41,4006942161777933379,0,3957125,3583833,793208,all,10605624,2271417,2271417,3957125,41,3583833,793208
skiplist,fdece4e,versions,20260921,16384,16384,1,0,0.00650725,16384,NA,NA,NA,6832128,968936,59,4006942161777933379,0,2464167,1401166,830375,all,11203000,6507250,6507250,2464167,42,1401166,830375
vector,fdece4e,versions,20260921,16384,16384,1,0,0.00171721,16384,NA,NA,NA,7012352,679171,41,4006942161777933379,0,3673833,3672292,822667,all,9886167,1717208,1717208,3673833,167,3672292,822667
skiplist,fdece4e,versions,20260921,16384,16384,1,0,0.00561929,16384,NA,NA,NA,6832128,968520,59,4006942161777933379,0,854209,941166,855042,all,8269708,5619291,5619291,854209,0,941166,855042
radix,fdece4e,versions,20260921,16384,16384,1,0,0.00460958,16384,NA,NA,NA,8519680,2664784,162,4006942161777933379,0,843250,889708,830875,all,7271082,4609583,4609583,843250,97666,889708,830875
radix,fdece4e,versions,20260921,16384,16384,1,0,0.00503883,16384,NA,NA,NA,8519680,2664784,162,4006942161777933379,0,1406084,983125,863750,all,8414542,5038833,5038833,1406084,122750,983125,863750
vector,fdece4e,versions,20260921,16384,16384,1,0,0.00206158,16384,NA,NA,NA,7045120,679171,41,4006942161777933379,0,3997084,3640708,826125,all,10525542,2061583,2061583,3997084,42,3640708,826125
skiplist,fdece4e,versions,20260921,16384,16384,1,0,0.00629404,16384,NA,NA,NA,6848512,970200,59,4006942161777933379,0,2264834,835458,833667,all,10228000,6294041,6294041,2264834,0,835458,833667
vector,fdece4e,versions,20260921,16384,16384,1,0,0.00195304,16384,NA,NA,NA,6995968,679171,41,4006942161777933379,0,3748709,3624708,822833,all,10149416,1953041,1953041,3748709,125,3624708,822833
skiplist,fdece4e,versions,20260921,16384,16384,1,0,0.00597029,16384,NA,NA,NA,6815744,970184,59,4006942161777933379,0,988334,867125,892625,all,8718375,5970291,5970291,988334,0,867125,892625
radix,fdece4e,versions,20260921,16384,16384,1,0,0.00474625,16384,NA,NA,NA,8536064,2664784,162,4006942161777933379,0,1341041,1175625,1011917,all,8437542,4746250,4746250,1341041,162709,1175625,1011917
radix,fdece4e,versions,20260921,16384,16384,4,0,0.00231721,16384,NA,NA,NA,8994816,2806976,171,4006942161777933379,0,1085584,936083,789167,all,5239751,2317208,2317208,1085584,111709,936083,789167
vector,fdece4e,versions,20260921,16384,16384,4,0,0.00116429,16384,NA,NA,NA,7585792,700331,42,4006942161777933379,0,3571166,3503834,838250,all,9077667,1164292,1164292,3571166,125,3503834,838250
skiplist,fdece4e,versions,20260921,16384,16384,4,0,0.00428692,16384,NA,NA,NA,7077888,1013424,61,4006942161777933379,0,861166,839292,830708,all,6818083,4286917,4286917,861166,0,839292,830708
vector,fdece4e,versions,20260921,16384,16384,4,0,0.00106958,16384,NA,NA,NA,7602176,700331,42,4006942161777933379,0,3782125,3720916,804125,all,9376875,1069584,1069584,3782125,125,3720916,804125
skiplist,fdece4e,versions,20260921,16384,16384,4,0,0.00255246,16384,NA,NA,NA,7241728,1014512,61,4006942161777933379,0,779875,805500,812834,all,4950667,2552458,2552458,779875,0,805500,812834
radix,fdece4e,versions,20260921,16384,16384,4,0,0.00178879,16384,NA,NA,NA,8929280,2801768,171,4006942161777933379,0,1183167,1661541,1474875,all,6395167,1788792,1788792,1183167,286792,1661541,1474875
radix,fdece4e,versions,20260921,16384,16384,4,0,0.00194742,16384,NA,NA,NA,9060352,2811760,171,4006942161777933379,0,917208,1024833,833667,all,4841083,1947417,1947417,917208,117958,1024833,833667
vector,fdece4e,versions,20260921,16384,16384,4,0,0.000925875,16384,NA,NA,NA,7421952,700331,42,4006942161777933379,0,3742000,3552958,833625,all,9054583,925875,925875,3742000,125,3552958,833625
skiplist,fdece4e,versions,20260921,16384,16384,4,0,0.00188496,16384,NA,NA,NA,7241728,1017768,62,4006942161777933379,0,812750,775375,802375,all,4275500,1884958,1884958,812750,42,775375,802375
vector,fdece4e,versions,20260921,16384,16384,4,0,0.000909542,16384,NA,NA,NA,7553024,700331,42,4006942161777933379,0,4026541,3961417,821000,all,9718500,909542,909542,4026541,0,3961417,821000
skiplist,fdece4e,versions,20260921,16384,16384,4,0,0.00328196,16384,NA,NA,NA,7290880,1024408,62,4006942161777933379,0,985958,831667,829542,all,5929125,3281958,3281958,985958,0,831667,829542
radix,fdece4e,versions,20260921,16384,16384,4,0,0.00365654,16384,NA,NA,NA,8830976,2806672,171,4006942161777933379,0,1206583,1141958,907709,all,7168292,3656542,3656542,1206583,255500,1141958,907709
radix,fdece4e,versions,20260921,16384,16384,4,0,0.00178546,16384,NA,NA,NA,8962048,2806488,171,4006942161777933379,0,1056250,956958,772750,all,4715584,1785459,1785459,1056250,144167,956958,772750
vector,fdece4e,versions,20260921,16384,16384,4,0,0.000921,16384,NA,NA,NA,7503872,700311,42,4006942161777933379,0,3638875,3560208,797792,all,8918000,921000,921000,3638875,125,3560208,797792
skiplist,fdece4e,versions,20260921,16384,16384,4,0,0.003737,16384,NA,NA,NA,7094272,1015000,61,4006942161777933379,0,969041,838375,830459,all,6374917,3737000,3737000,969041,42,838375,830459
radix,fdece4e,versions,20260921,16384,16384,8,0,0.00326746,16384,NA,NA,NA,9027584,2801440,170,4006942161777933379,0,2369666,984375,868042,all,7627667,3267459,3267459,2369666,138125,984375,868042
vector,fdece4e,versions,20260921,16384,16384,8,0,0.00121471,16384,NA,NA,NA,7634944,700311,42,4006942161777933379,0,3962125,3660750,819792,all,9657458,1214708,1214708,3962125,83,3660750,819792
skiplist,fdece4e,versions,20260921,16384,16384,8,0,0.00221837,16384,NA,NA,NA,7356416,1018600,62,4006942161777933379,0,785917,799083,799709,all,4603084,2218375,2218375,785917,0,799083,799709
vector,fdece4e,versions,20260921,16384,16384,8,0,0.00117358,16384,NA,NA,NA,7749632,700311,42,4006942161777933379,0,3583875,3506625,783958,all,9048083,1173583,1173583,3583875,42,3506625,783958
skiplist,fdece4e,versions,20260921,16384,16384,8,0,0.00204913,16384,NA,NA,NA,7389184,1019080,62,4006942161777933379,0,840000,773083,798958,all,4461207,2049125,2049125,840000,41,773083,798958
radix,fdece4e,versions,20260921,16384,16384,8,0,0.00265287,16384,NA,NA,NA,9175040,2799488,170,4006942161777933379,0,2178167,1710125,831000,all,7928167,2652875,2652875,2178167,556000,1710125,831000
radix,fdece4e,versions,20260921,16384,16384,8,0,0.00236033,16384,NA,NA,NA,9207808,2804256,171,4006942161777933379,0,951916,992250,788000,all,5225000,2360334,2360334,951916,132500,992250,788000
vector,fdece4e,versions,20260921,16384,16384,8,0,0.00135246,16384,NA,NA,NA,7651328,700291,42,4006942161777933379,0,3593500,3481083,780917,all,9207958,1352458,1352458,3593500,0,3481083,780917
skiplist,fdece4e,versions,20260921,16384,16384,8,0,0.00207737,16384,NA,NA,NA,7356416,1021160,62,4006942161777933379,0,842458,772125,771292,all,4463250,2077375,2077375,842458,0,772125,771292
vector,fdece4e,versions,20260921,16384,16384,8,0,0.00120392,16384,NA,NA,NA,7684096,700331,42,4006942161777933379,0,3501667,3645291,813250,all,9164166,1203917,1203917,3501667,41,3645291,813250
skiplist,fdece4e,versions,20260921,16384,16384,8,0,0.00513258,16384,NA,NA,NA,7340032,1015136,61,4006942161777933379,0,1042708,823792,806416,all,7805500,5132584,5132584,1042708,0,823792,806416
radix,fdece4e,versions,20260921,16384,16384,8,0,0.00405925,16384,NA,NA,NA,9011200,2799416,170,4006942161777933379,0,2804125,1042667,925208,all,9001000,4059250,4059250,2804125,169750,1042667,925208
radix,fdece4e,versions,20260921,16384,16384,8,0,0.00261592,16384,NA,NA,NA,9256960,2805560,171,4006942161777933379,0,990042,909958,1158417,all,5787750,2615917,2615917,990042,113416,909958,1158417
vector,fdece4e,versions,20260921,16384,16384,8,0,0.00124446,16384,NA,NA,NA,7651328,700251,42,4006942161777933379,0,3658042,3799041,826167,all,9527792,1244458,1244458,3658042,84,3799041,826167
skiplist,fdece4e,versions,20260921,16384,16384,8,0,0.00201987,16384,NA,NA,NA,7372800,1022296,62,4006942161777933379,0,807667,790791,774209,all,4392542,2019875,2019875,807667,0,790791,774209
vector,fdece4e,ascending,20260921,131072,131072,1,0,0.013735,131072,NA,NA,NA,15482880,5433534,41,454339457082336225,0,8312833,9005292,6875375,all,37928542,13735042,13735042,8312833,0,9005292,6875375
skiplist,fdece4e,ascending,20260921,131072,131072,1,0,0.0590518,131072,NA,NA,NA,14581760,7751320,59,454339457082336225,0,6405917,6745250,7444041,all,79647041,59051792,59051792,6405917,41,6745250,7444041
radix,fdece4e,ascending,20260921,131072,131072,1,0,0.0320206,131072,NA,NA,NA,30162944,23286736,177,454339457082336225,0,7135125,7911000,7036333,all,55280000,32020625,32020625,7135125,1176917,7911000,7036333
radix,fdece4e,ascending,20260921,131072,131072,1,0,0.0326973,131072,NA,NA,NA,30146560,23286736,177,454339457082336225,0,7010750,7252458,6465084,all,54322500,32697333,32697333,7010750,896875,7252458,6465084
vector,fdece4e,ascending,20260921,131072,131072,1,0,0.0135207,131072,NA,NA,NA,15450112,5433534,41,454339457082336225,0,8757500,8808708,6442875,all,37529750,13520667,13520667,8757500,0,8808708,6442875
skiplist,fdece4e,ascending,20260921,131072,131072,1,0,0.052501,131072,NA,NA,NA,14581760,7750104,59,454339457082336225,0,6833833,6641542,6507083,all,72483458,52501000,52501000,6833833,0,6641542,6507083
vector,fdece4e,ascending,20260921,131072,131072,1,0,0.0136542,131072,NA,NA,NA,15450112,5433534,41,454339457082336225,0,8440375,9011792,6619083,all,37725417,13654167,13654167,8440375,0,9011792,6619083
skiplist,fdece4e,ascending,20260921,131072,131072,1,0,0.053338,131072,NA,NA,NA,14565376,7754088,59,454339457082336225,0,6417417,6270083,6771667,all,72797208,53338000,53338000,6417417,41,6270083,6771667
radix,fdece4e,ascending,20260921,131072,131072,1,0,0.0307777,131072,NA,NA,NA,30162944,23286736,177,454339457082336225,0,6438417,7533667,6612500,all,52116375,30777750,30777750,6438417,754041,7533667,6612500
radix,fdece4e,ascending,20260921,131072,131072,1,0,0.0312897,131072,NA,NA,NA,30162944,23286736,177,454339457082336225,0,6814750,8186875,6772000,all,54554208,31289750,31289750,6814750,1490833,8186875,6772000
vector,fdece4e,ascending,20260921,131072,131072,1,0,0.0148322,131072,NA,NA,NA,15941632,5433534,41,454339457082336225,0,8160459,8483500,6771041,all,38247374,14832166,14832166,8160459,208,8483500,6771041
skiplist,fdece4e,ascending,20260921,131072,131072,1,0,0.0554464,131072,NA,NA,NA,14614528,7755576,59,454339457082336225,0,6661584,6571500,6807541,all,75487083,55446416,55446416,6661584,42,6571500,6807541
vector,fdece4e,ascending,20260921,131072,131072,1,0,0.0141933,131072,NA,NA,NA,15466496,5433534,41,454339457082336225,0,8851958,8158542,6643292,all,37847167,14193333,14193333,8851958,42,8158542,6643292
skiplist,fdece4e,ascending,20260921,131072,131072,1,0,0.0556565,131072,NA,NA,NA,14581760,7752304,59,454339457082336225,0,6427834,6439958,6330667,all,74854917,55656458,55656458,6427834,0,6439958,6330667
radix,fdece4e,ascending,20260921,131072,131072,1,0,0.0324165,131072,NA,NA,NA,30162944,23286736,177,454339457082336225,0,6679000,7041667,6604750,all,53443416,32416541,32416541,6679000,701458,7041667,6604750
radix,fdece4e,ascending,20260921,131072,131072,4,0,0.0224713,131072,NA,NA,NA,32735232,25350256,193,454339457082336225,0,7967292,9613708,10347084,all,52314583,22471291,22471291,7967292,1915208,9613708,10347084
vector,fdece4e,ascending,20260921,131072,131072,4,0,0.0118421,131072,NA,NA,NA,16416768,5603211,42,454339457082336225,0,41291167,39150208,6299833,all,98583333,11842125,11842125,41291167,0,39150208,6299833
skiplist,fdece4e,ascending,20260921,131072,131072,4,0,0.0252026,131072,NA,NA,NA,15269888,8174312,62,454339457082336225,0,6554708,6405667,6528166,all,44691166,25202625,25202625,6554708,0,6405667,6528166
vector,fdece4e,ascending,20260921,131072,131072,4,0,0.00612229,131072,NA,NA,NA,16318464,5603231,42,454339457082336225,0,43800500,42520875,7084792,all,99528583,6122291,6122291,43800500,125,42520875,7084792
skiplist,fdece4e,ascending,20260921,131072,131072,4,0,0.021367,131072,NA,NA,NA,15384576,8115216,61,454339457082336225,0,6720625,6866917,6444416,all,41398958,21367000,21367000,6720625,0,6866917,6444416
radix,fdece4e,ascending,20260921,131072,131072,4,0,0.0206625,131072,NA,NA,NA,33226752,25854768,197,454339457082336225,0,7458875,10544333,7753375,all,49262958,20662542,20662542,7458875,2843833,10544333,7753375
radix,fdece4e,ascending,20260921,131072,131072,4,0,0.0198866,131072,NA,NA,NA,33193984,25872880,197,454339457082336225,0,9113167,11060333,7725417,all,49512792,19886625,19886625,9113167,1727250,11060333,7725417
vector,fdece4e,ascending,20260921,131072,131072,4,0,0.010245,131072,NA,NA,NA,16760832,5603231,42,454339457082336225,0,39147458,36818875,6485834,all,92697209,10245000,10245000,39147458,42,36818875,6485834
skiplist,fdece4e,ascending,20260921,131072,131072,4,0,0.0215751,131072,NA,NA,NA,15417344,8176456,62,454339457082336225,0,6439417,6350250,6469291,all,40834041,21575083,21575083,6439417,0,6350250,6469291
vector,fdece4e,ascending,20260921,131072,131072,4,0,0.00596721,131072,NA,NA,NA,15253504,5603231,42,454339457082336225,0,40487458,37206167,6646792,all,90307667,5967208,5967208,40487458,42,37206167,6646792
skiplist,fdece4e,ascending,20260921,131072,131072,4,0,0.021521,131072,NA,NA,NA,15417344,8114648,61,454339457082336225,0,7193459,6477875,7229791,all,42422208,21521041,21521041,7193459,42,6477875,7229791
radix,fdece4e,ascending,20260921,131072,131072,4,0,0.0204998,131072,NA,NA,NA,32849920,25551864,194,454339457082336225,0,7763417,10972041,8779584,all,51050208,20499833,20499833,7763417,3035333,10972041,8779584
radix,fdece4e,ascending,20260921,131072,131072,4,0,0.0224658,131072,NA,NA,NA,32899072,25621648,195,454339457082336225,0,8207625,9663917,8371292,all,50136959,22465833,22465833,8207625,1428292,9663917,8371292
vector,fdece4e,ascending,20260921,131072,131072,4,0,0.00811883,131072,NA,NA,NA,15679488,5603231,42,454339457082336225,0,39686000,37116375,6461208,all,91382542,8118834,8118834,39686000,125,37116375,6461208
skiplist,fdece4e,ascending,20260921,131072,131072,4,0,0.0173125,131072,NA,NA,NA,15400960,8127712,62,454339457082336225,0,6724875,7847958,6405542,all,38290833,17312458,17312458,6724875,0,7847958,6405542
radix,fdece4e,ascending,20260921,131072,131072,8,0,0.0221221,131072,NA,NA,NA,32784384,25358072,193,454339457082336225,0,9876000,11248958,7180709,all,53559417,22122083,22122083,9876000,3131667,11248958,7180709
vector,fdece4e,ascending,20260921,131072,131072,8,0,0.00835075,131072,NA,NA,NA,16777216,5603239,42,454339457082336225,0,38055875,35612958,6570458,all,88590083,8350750,8350750,38055875,42,35612958,6570458
skiplist,fdece4e,ascending,20260921,131072,131072,8,0,0.0167399,131072,NA,NA,NA,15384576,8174696,62,454339457082336225,0,6715750,6983125,6349625,all,36788459,16739917,16739917,6715750,42,6983125,6349625
vector,fdece4e,ascending,20260921,131072,131072,8,0,0.0125007,131072,NA,NA,NA,16236544,5603117,42,454339457082336225,0,35554750,34960584,6633291,all,89649750,12500750,12500750,35554750,375,34960584,6633291
skiplist,fdece4e,ascending,20260921,131072,131072,8,0,0.0201622,131072,NA,NA,NA,15433728,8151792,62,454339457082336225,0,6746708,6768667,6289333,all,39966875,20162167,20162167,6746708,0,6768667,6289333
radix,fdece4e,ascending,20260921,131072,131072,8,0,0.0217726,131072,NA,NA,NA,32800768,25491352,194,454339457082336225,0,10295125,9657583,9758083,all,53363625,21772584,21772584,10295125,1880250,9657583,9758083
radix,fdece4e,ascending,20260921,131072,131072,8,0,0.0228267,131072,NA,NA,NA,32800768,25444776,194,454339457082336225,0,8246625,9575375,9558542,all,51675793,22826667,22826667,8246625,1468584,9575375,9558542
vector,fdece4e,ascending,20260921,131072,131072,8,0,0.012994,131072,NA,NA,NA,16482304,5603239,42,454339457082336225,0,34748375,34036541,6917709,all,88696709,12994042,12994042,34748375,42,34036541,6917709
skiplist,fdece4e,ascending,20260921,131072,131072,8,0,0.017557,131072,NA,NA,NA,15482880,8163224,62,454339457082336225,0,7821000,7065250,6417708,all,38860958,17556958,17556958,7821000,42,7065250,6417708
vector,fdece4e,ascending,20260921,131072,131072,8,0,0.00987975,131072,NA,NA,NA,16580608,5603199,42,454339457082336225,0,34663125,35343625,6392209,all,86278709,9879750,9879750,34663125,0,35343625,6392209
skiplist,fdece4e,ascending,20260921,131072,131072,8,0,0.0221142,131072,NA,NA,NA,15482880,8173152,62,454339457082336225,0,8564750,6468375,6592666,all,43740083,22114250,22114250,8564750,42,6468375,6592666
radix,fdece4e,ascending,20260921,131072,131072,8,0,0.0206004,131072,NA,NA,NA,32751616,25390960,193,454339457082336225,0,10043375,9864833,7871875,all,50711750,20600417,20600417,10043375,2331250,9864833,7871875
radix,fdece4e,ascending,20260921,131072,131072,8,0,0.024015,131072,NA,NA,NA,32686080,25333880,193,454339457082336225,0,8036958,10226333,7721500,all,52800916,24015042,24015042,8036958,2801083,10226333,7721500
vector,fdece4e,ascending,20260921,131072,131072,8,0,0.0106,131072,NA,NA,NA,16498688,5603199,42,454339457082336225,0,33310542,35017000,6904166,all,85831791,10600042,10600042,33310542,41,35017000,6904166
skiplist,fdece4e,ascending,20260921,131072,131072,8,0,0.0159696,131072,NA,NA,NA,15384576,8165328,62,454339457082336225,0,6590083,8616125,6777459,all,37953292,15969583,15969583,6590083,42,8616125,6777459
vector,fdece4e,random,20260921,131072,131072,1,0,0.0146224,131072,NA,NA,NA,15450112,5433534,41,454339457082336225,0,39635875,36735792,6405750,all,97399959,14622375,14622375,39635875,167,36735792,6405750
skiplist,fdece4e,random,20260921,131072,131072,1,0,0.070277,131072,NA,NA,NA,14581760,7753264,59,454339457082336225,0,7025750,6520209,9931375,all,93754334,70277000,70277000,7025750,0,6520209,9931375
radix,fdece4e,random,20260921,131072,131072,1,0,0.0526327,131072,NA,NA,NA,30408704,23529904,179,454339457082336225,0,14974209,16121458,12782833,all,100527000,52632708,52632708,14974209,4015792,16121458,12782833
radix,fdece4e,random,20260921,131072,131072,1,0,0.0562901,131072,NA,NA,NA,30375936,23529904,179,454339457082336225,0,11425417,21193166,11321792,all,102620917,56290083,56290083,11425417,2390459,21193166,11321792
vector,fdece4e,random,20260921,131072,131072,1,0,0.0138904,131072,NA,NA,NA,15450112,5433534,41,454339457082336225,0,45039542,37662916,6579750,all,103172625,13890417,13890417,45039542,0,37662916,6579750
skiplist,fdece4e,random,20260921,131072,131072,1,0,0.0664822,131072,NA,NA,NA,14598144,7756504,59,454339457082336225,0,9822666,6437209,8130500,all,90872584,66482209,66482209,9822666,0,6437209,8130500
vector,fdece4e,random,20260921,131072,131072,1,0,0.0153676,131072,NA,NA,NA,16465920,5433534,41,454339457082336225,0,38813125,37653084,6559000,all,98392792,15367583,15367583,38813125,0,37653084,6559000
skiplist,fdece4e,random,20260921,131072,131072,1,0,0.0704887,131072,NA,NA,NA,14581760,7753888,59,454339457082336225,0,7984875,7153250,9624709,all,95251500,70488666,70488666,7984875,0,7153250,9624709
radix,fdece4e,random,20260921,131072,131072,1,0,0.0526561,131072,NA,NA,NA,30392320,23529904,179,454339457082336225,0,11177292,18414042,11987208,all,96083167,52656083,52656083,11177292,1848542,18414042,11987208
radix,fdece4e,random,20260921,131072,131072,1,0,0.051358,131072,NA,NA,NA,30375936,23529904,179,454339457082336225,0,12860792,12742541,17307834,all,96321417,51358000,51358000,12860792,2052250,12742541,17307834
vector,fdece4e,random,20260921,131072,131072,1,0,0.0144101,131072,NA,NA,NA,15482880,5433534,41,454339457082336225,0,40321042,38081792,6339333,all,99152333,14410125,14410125,40321042,41,38081792,6339333
skiplist,fdece4e,random,20260921,131072,131072,1,0,0.0675021,131072,NA,NA,NA,14581760,7751872,59,454339457082336225,0,6819750,9963459,8272875,all,92558209,67502125,67502125,6819750,0,9963459,8272875
vector,fdece4e,random,20260921,131072,131072,1,0,0.0145476,131072,NA,NA,NA,15482880,5433534,41,454339457082336225,0,40897292,38334916,7814584,all,101594417,14547625,14547625,40897292,0,38334916,7814584
skiplist,fdece4e,random,20260921,131072,131072,1,0,0.0681154,131072,NA,NA,NA,14581760,7755504,59,454339457082336225,0,6796459,11489875,7756041,all,94157791,68115416,68115416,6796459,0,11489875,7756041
radix,fdece4e,random,20260921,131072,131072,1,0,0.0494782,131072,NA,NA,NA,30392320,23529904,179,454339457082336225,0,17054958,14493833,12213542,all,96226708,49478167,49478167,17054958,2986208,14493833,12213542
radix,fdece4e,random,20260921,131072,131072,4,0,0.0227895,131072,NA,NA,NA,32374784,25089000,191,454339457082336225,0,14216000,17503166,11096084,all,70200208,22789500,22789500,14216000,4595458,17503166,11096084
vector,fdece4e,random,20260921,131072,131072,4,0,0.00643638,131072,NA,NA,NA,15630336,5603231,42,454339457082336225,0,40724875,40733041,7288042,all,95182333,6436375,6436375,40724875,0,40733041,7288042
skiplist,fdece4e,random,20260921,131072,131072,4,0,0.0248272,131072,NA,NA,NA,15351808,8113104,61,454339457082336225,0,6794500,10213250,9813417,all,51648459,24827250,24827250,6794500,42,10213250,9813417
vector,fdece4e,random,20260921,131072,131072,4,0,0.0109588,131072,NA,NA,NA,16547840,5603231,42,454339457082336225,0,40123458,38016750,6376667,all,95475834,10958834,10958834,40123458,125,38016750,6376667
skiplist,fdece4e,random,20260921,131072,131072,4,0,0.0267696,131072,NA,NA,NA,15417344,8131416,62,454339457082336225,0,7115791,6817375,10999167,all,51701917,26769584,26769584,7115791,0,6817375,10999167
radix,fdece4e,random,20260921,131072,131072,4,0,0.019711,131072,NA,NA,NA,32391168,25109880,191,454339457082336225,0,11179708,20322875,12023000,all,66110166,19711000,19711000,11179708,2873583,20322875,12023000
radix,fdece4e,random,20260921,131072,131072,4,0,0.0168379,131072,NA,NA,NA,32391168,25118920,191,454339457082336225,0,13696625,16381167,16372666,all,65648750,16837875,16837875,13696625,2360417,16381167,16372666
vector,fdece4e,random,20260921,131072,131072,4,0,0.0123133,131072,NA,NA,NA,16318464,5603231,42,454339457082336225,0,41156667,37999750,7436750,all,98906583,12313291,12313291,41156667,125,37999750,7436750
skiplist,fdece4e,random,20260921,131072,131072,4,0,0.0256033,131072,NA,NA,NA,15351808,8130816,62,454339457082336225,0,8382959,7369833,9447417,all,50803500,25603291,25603291,8382959,0,7369833,9447417
vector,fdece4e,random,20260921,131072,131072,4,0,0.00715854,131072,NA,NA,NA,16449536,5603231,42,454339457082336225,0,43808458,39627833,6351500,all,96946374,7158542,7158542,43808458,41,39627833,6351500
skiplist,fdece4e,random,20260921,131072,131072,4,0,0.0179593,131072,NA,NA,NA,15368192,8122080,61,454339457082336225,0,15858750,8606917,6755416,all,49180457,17959333,17959333,15858750,41,8606917,6755416
radix,fdece4e,random,20260921,131072,131072,4,0,0.0176477,131072,NA,NA,NA,32440320,25113000,191,454339457082336225,0,12532625,19197958,12887667,all,65925333,17647667,17647667,12532625,3659416,19197958,12887667
radix,fdece4e,random,20260921,131072,131072,4,0,0.0149838,131072,NA,NA,NA,32440320,25113544,191,454339457082336225,0,14508708,17717667,11539958,all,62961041,14983750,14983750,14508708,4210958,17717667,11539958
vector,fdece4e,random,20260921,131072,131072,4,0,0.00760487,131072,NA,NA,NA,16433152,5603259,42,454339457082336225,0,43268958,38582875,7149334,all,96606084,7604875,7604875,43268958,42,38582875,7149334
skiplist,fdece4e,random,20260921,131072,131072,4,0,0.0267422,131072,NA,NA,NA,15286272,8120464,61,454339457082336225,0,11414375,7154250,7856084,all,53167000,26742250,26742250,11414375,41,7154250,7856084
radix,fdece4e,random,20260921,131072,131072,8,0,0.0293875,131072,NA,NA,NA,32489472,25148112,191,454339457082336225,0,12241459,20074833,15649833,all,79929458,29387458,29387458,12241459,2575875,20074833,15649833
vector,fdece4e,random,20260921,131072,131072,8,0,0.00856433,131072,NA,NA,NA,17465344,5603199,42,454339457082336225,0,45364416,38962750,7981834,all,100873375,8564334,8564334,45364416,41,38962750,7981834
skiplist,fdece4e,random,20260921,131072,131072,8,0,0.0186437,131072,NA,NA,NA,15548416,8179040,62,454339457082336225,0,12803375,9736084,6529125,all,47712334,18643708,18643708,12803375,42,9736084,6529125
vector,fdece4e,random,20260921,131072,131072,8,0,0.00807863,131072,NA,NA,NA,16629760,5603199,42,454339457082336225,0,41609500,39794125,7185625,all,96668000,8078625,8078625,41609500,125,39794125,7185625
skiplist,fdece4e,random,20260921,131072,131072,8,0,0.0236828,131072,NA,NA,NA,15532032,8172216,62,454339457082336225,0,7873917,15550875,7207458,all,54315083,23682833,23682833,7873917,0,15550875,7207458
radix,fdece4e,random,20260921,131072,131072,8,0,0.0263529,131072,NA,NA,NA,32505856,25161976,191,454339457082336225,0,11722667,15396875,14446625,all,69663626,26352917,26352917,11722667,1744542,15396875,14446625
radix,fdece4e,random,20260921,131072,131072,8,0,0.0215219,131072,NA,NA,NA,32473088,25162608,191,454339457082336225,0,16828375,15671250,16054000,all,74091208,21521875,21521875,16828375,4015708,15671250,16054000
vector,fdece4e,random,20260921,131072,131072,8,0,0.0113582,131072,NA,NA,NA,16367616,5603199,42,454339457082336225,0,41402042,37534292,6474625,all,96769167,11358208,11358208,41402042,0,37534292,6474625
skiplist,fdece4e,random,20260921,131072,131072,8,0,0.024439,131072,NA,NA,NA,15466496,8155376,62,454339457082336225,0,8721333,8114125,9771292,all,51045834,24439042,24439042,8721333,42,8114125,9771292
vector,fdece4e,random,20260921,131072,131072,8,0,0.00861563,131072,NA,NA,NA,16662528,5603158,42,454339457082336225,0,41101375,40557667,7099416,all,97374083,8615625,8615625,41101375,0,40557667,7099416
skiplist,fdece4e,random,20260921,131072,131072,8,0,0.0172714,131072,NA,NA,NA,15515648,8153928,62,454339457082336225,0,12387167,9707958,6967333,all,46333917,17271417,17271417,12387167,42,9707958,6967333
radix,fdece4e,random,20260921,131072,131072,8,0,0.0277158,131072,NA,NA,NA,32505856,25132848,191,454339457082336225,0,11754833,17519167,14596292,all,73891167,27715750,27715750,11754833,2305125,17519167,14596292
radix,fdece4e,random,20260921,131072,131072,8,0,0.0219229,131072,NA,NA,NA,32538624,25163504,191,454339457082336225,0,17128667,16685833,17938292,all,77103249,21922916,21922916,17128667,3427541,16685833,17938292
vector,fdece4e,random,20260921,131072,131072,8,0,0.00825412,131072,NA,NA,NA,16351232,5603219,42,454339457082336225,0,41829084,41340333,7579375,all,99002959,8254125,8254125,41829084,42,41340333,7579375
skiplist,fdece4e,random,20260921,131072,131072,8,0,0.0218752,131072,NA,NA,NA,15532032,8175664,62,454339457082336225,0,12192667,11431208,6627000,all,52126083,21875208,21875208,12192667,0,11431208,6627000
vector,fdece4e,versions,20260921,131072,131072,1,0,0.0140854,131072,NA,NA,NA,15466496,5433534,41,4785945059249892485,0,36697292,35426625,6802250,all,93011667,14085375,14085375,36697292,125,35426625,6802250
skiplist,fdece4e,versions,20260921,131072,131072,1,0,0.057505,131072,NA,NA,NA,14598144,7752224,59,4785945059249892485,0,7291209,6577833,6469708,all,77843708,57504958,57504958,7291209,0,6577833,6469708
radix,fdece4e,versions,20260921,131072,131072,1,0,0.0410153,131072,NA,NA,NA,28295168,21420344,163,4785945059249892485,0,15122584,11315000,12005500,all,82585958,41015291,41015291,15122584,3127583,11315000,12005500
radix,fdece4e,versions,20260921,131072,131072,1,0,0.04169,131072,NA,NA,NA,28278784,21420344,163,4785945059249892485,0,15738459,9528208,7728792,all,76355042,41689958,41689958,15738459,1669625,9528208,7728792
vector,fdece4e,versions,20260921,131072,131072,1,0,0.0139975,131072,NA,NA,NA,15433728,5433534,41,4785945059249892485,0,39099416,35220167,6893500,all,95210583,13997500,13997500,39099416,0,35220167,6893500
skiplist,fdece4e,versions,20260921,131072,131072,1,0,0.0611143,131072,NA,NA,NA,14548992,7751664,59,4785945059249892485,0,12159875,7072000,6479666,all,86825874,61114292,61114292,12159875,41,7072000,6479666
vector,fdece4e,versions,20260921,131072,131072,1,0,0.0140897,131072,NA,NA,NA,15515648,5433534,41,4785945059249892485,0,38670250,39757625,7599500,all,100117292,14089667,14089667,38670250,250,39757625,7599500
skiplist,fdece4e,versions,20260921,131072,131072,1,0,0.0602585,131072,NA,NA,NA,14581760,7753472,59,4785945059249892485,0,12309291,6886042,6484042,all,85937958,60258542,60258542,12309291,41,6886042,6484042
radix,fdece4e,versions,20260921,131072,131072,1,0,0.0402192,131072,NA,NA,NA,28311552,21420344,163,4785945059249892485,0,10595292,9801500,16599666,all,79082584,40219167,40219167,10595292,1866959,9801500,16599666
radix,fdece4e,versions,20260921,131072,131072,1,0,0.0420366,131072,NA,NA,NA,28295168,21420344,163,4785945059249892485,0,10016417,14021500,11768041,all,79298500,42036625,42036625,10016417,1455917,14021500,11768041
vector,fdece4e,versions,20260921,131072,131072,1,0,0.0148124,131072,NA,NA,NA,15499264,5433534,41,4785945059249892485,0,38412333,35053792,6980333,all,95258916,14812417,14812417,38412333,41,35053792,6980333
skiplist,fdece4e,versions,20260921,131072,131072,1,0,0.0581985,131072,NA,NA,NA,14581760,7750976,59,4785945059249892485,0,6905500,6559375,6571542,all,78234875,58198458,58198458,6905500,0,6559375,6571542
vector,fdece4e,versions,20260921,131072,131072,1,0,0.0142176,131072,NA,NA,NA,16482304,5433534,41,4785945059249892485,0,37246750,37829958,6615583,all,95910000,14217584,14217584,37246750,125,37829958,6615583
skiplist,fdece4e,versions,20260921,131072,131072,1,0,0.0556724,131072,NA,NA,NA,14565376,7752440,59,4785945059249892485,0,8002792,11756625,7621167,all,83053000,55672416,55672416,8002792,0,11756625,7621167
radix,fdece4e,versions,20260921,131072,131072,1,0,0.0401312,131072,NA,NA,NA,28311552,21420344,163,4785945059249892485,0,9441583,16581042,9897041,all,79105250,40131209,40131209,9441583,3054375,16581042,9897041
radix,fdece4e,versions,20260921,131072,131072,4,0,0.0182976,131072,NA,NA,NA,29900800,22580112,172,4785945059249892485,0,24216083,20346083,16748084,all,84001792,18297584,18297584,24216083,4393958,20346083,16748084
vector,fdece4e,versions,20260921,131072,131072,4,0,0.00655767,131072,NA,NA,NA,16924672,5603231,42,4785945059249892485,0,41388792,41249250,7261250,all,96457000,6557666,6557666,41388792,42,41249250,7261250
skiplist,fdece4e,versions,20260921,131072,131072,4,0,0.0251598,131072,NA,NA,NA,15237120,8124224,61,4785945059249892485,0,8565917,12522291,9222000,all,55470042,25159750,25159750,8565917,84,12522291,9222000
vector,fdece4e,versions,20260921,131072,131072,4,0,0.00630733,131072,NA,NA,NA,16220160,5603231,42,4785945059249892485,0,38653417,35734875,6676875,all,87372500,6307333,6307333,38653417,0,35734875,6676875
skiplist,fdece4e,versions,20260921,131072,131072,4,0,0.0233279,131072,NA,NA,NA,15384576,8129480,62,4785945059249892485,0,8662500,6674208,6640709,all,45305667,23327917,23327917,8662500,333,6674208,6640709
radix,fdece4e,versions,20260921,131072,131072,4,0,0.0216659,131072,NA,NA,NA,29917184,22579344,172,4785945059249892485,0,12975292,15804291,14176417,all,66794958,21665917,21665917,12975292,2173041,15804291,14176417
radix,fdece4e,versions,20260921,131072,131072,4,0,0.0193505,131072,NA,NA,NA,29851648,22527616,171,4785945059249892485,0,19452125,13912750,18685541,all,75677083,19350542,19350542,19452125,4276125,13912750,18685541
vector,fdece4e,versions,20260921,131072,131072,4,0,0.0122263,131072,NA,NA,NA,16662528,5603190,42,4785945059249892485,0,38722083,37048708,6686209,all,94683376,12226292,12226292,38722083,84,37048708,6686209
skiplist,fdece4e,versions,20260921,131072,131072,4,0,0.0169999,131072,NA,NA,NA,15368192,8124280,61,4785945059249892485,0,12422500,7327084,8151958,all,44901459,16999875,16999875,12422500,42,7327084,8151958
vector,fdece4e,versions,20260921,131072,131072,4,0,0.00605133,131072,NA,NA,NA,15581184,5603259,42,4785945059249892485,0,37266750,40188333,8722292,all,92228834,6051334,6051334,37266750,125,40188333,8722292
skiplist,fdece4e,versions,20260921,131072,131072,4,0,0.0230313,131072,NA,NA,NA,15351808,8130264,62,4785945059249892485,0,9503791,11111167,8929375,all,52575625,23031292,23031292,9503791,0,11111167,8929375
radix,fdece4e,versions,20260921,131072,131072,4,0,0.0149995,131072,NA,NA,NA,29835264,22538816,171,4785945059249892485,0,20494166,14386042,18443417,all,72042834,14999459,14999459,20494166,3719750,14386042,18443417
radix,fdece4e,versions,20260921,131072,131072,4,0,0.0229957,131072,NA,NA,NA,29786112,22527616,171,4785945059249892485,0,18156458,19065583,19982834,all,85223375,22995750,22995750,18156458,5022750,19065583,19982834
vector,fdece4e,versions,20260921,131072,131072,4,0,0.00990342,131072,NA,NA,NA,16793600,5603231,42,4785945059249892485,0,39332458,37496667,7863791,all,94596333,9903417,9903417,39332458,0,37496667,7863791
skiplist,fdece4e,versions,20260921,131072,131072,4,0,0.0225193,131072,NA,NA,NA,15400960,8173384,62,4785945059249892485,0,8578583,8556125,8591750,all,48245833,22519334,22519334,8578583,41,8556125,8591750
radix,fdece4e,versions,20260921,131072,131072,8,0,0.0226539,131072,NA,NA,NA,29900800,22551816,172,4785945059249892485,0,13216417,21182792,11965500,all,72558834,22653916,22653916,13216417,3540209,21182792,11965500
vector,fdece4e,versions,20260921,131072,131072,8,0,0.00875904,131072,NA,NA,NA,16760832,5603219,42,4785945059249892485,0,41123167,33836375,7986916,all,91705625,8759042,8759042,41123167,125,33836375,7986916
skiplist,fdece4e,versions,20260921,131072,131072,8,0,0.0150485,131072,NA,NA,NA,15482880,8176632,62,4785945059249892485,0,15920542,8061375,7247458,all,46277957,15048541,15048541,15920542,41,8061375,7247458
vector,fdece4e,versions,20260921,131072,131072,8,0,0.00826579,131072,NA,NA,NA,16613376,5603097,42,4785945059249892485,0,39898375,33937292,7454583,all,89556041,8265791,8265791,39898375,0,33937292,7454583
skiplist,fdece4e,versions,20260921,131072,131072,8,0,0.0232307,131072,NA,NA,NA,15482880,8176536,62,4785945059249892485,0,8617125,7017834,10845666,all,49711291,23230666,23230666,8617125,0,7017834,10845666
radix,fdece4e,versions,20260921,131072,131072,8,0,0.0222435,131072,NA,NA,NA,29917184,22559232,172,4785945059249892485,0,20124667,17068042,15591875,all,80119416,22243541,22243541,20124667,5091291,17068042,15591875
radix,fdece4e,versions,20260921,131072,131072,8,0,0.023343,131072,NA,NA,NA,29949952,22561856,172,4785945059249892485,0,18206083,22237459,17129125,all,87272500,23343042,23343042,18206083,6356791,22237459,17129125
vector,fdece4e,versions,20260921,131072,131072,8,0,0.00927292,131072,NA,NA,NA,16269312,5603219,42,4785945059249892485,0,40660583,34916833,6513542,all,91363875,9272917,9272917,40660583,0,34916833,6513542
skiplist,fdece4e,versions,20260921,131072,131072,8,0,0.0169029,131072,NA,NA,NA,15450112,8158080,62,4785945059249892485,0,14628875,7368875,6697459,all,45598125,16902916,16902916,14628875,0,7368875,6697459
vector,fdece4e,versions,20260921,131072,131072,8,0,0.00665779,131072,NA,NA,NA,16629760,5603179,42,4785945059249892485,0,39952584,36047375,6889125,all,89547000,6657791,6657791,39952584,125,36047375,6889125
skiplist,fdece4e,versions,20260921,131072,131072,8,0,0.0228786,131072,NA,NA,NA,15450112,8175144,62,4785945059249892485,0,9055375,10001708,10669333,all,52605166,22878625,22878625,9055375,125,10001708,10669333
radix,fdece4e,versions,20260921,131072,131072,8,0,0.0255538,131072,NA,NA,NA,29917184,22564920,172,4785945059249892485,0,17973750,16052917,13312708,all,77041541,25553750,25553750,17973750,4148416,16052917,13312708
radix,fdece4e,versions,20260921,131072,131072,8,0,0.0234398,131072,NA,NA,NA,29917184,22572080,172,4785945059249892485,0,13256792,21551000,13483458,all,76672625,23439833,23439833,13256792,4941542,21551000,13483458
vector,fdece4e,versions,20260921,131072,131072,8,0,0.00727612,131072,NA,NA,NA,17088512,5603199,42,4785945059249892485,0,41830542,34800333,7234958,all,91141958,7276125,7276125,41830542,0,34800333,7234958
skiplist,fdece4e,versions,20260921,131072,131072,8,0,0.0205421,131072,NA,NA,NA,15499264,8164456,62,4785945059249892485,0,10312208,9800875,7827417,all,48482666,20542125,20542125,10312208,41,9800875,7827417
vector,fdece4e,ascending,20260922,1024,1024,1,0,0.0002355,1024,NA,NA,NA,5849088,42436,41,16340194407465152223,0,74125,65708,51458,all,426791,235500,235500,74125,0,65708,51458
skiplist,fdece4e,ascending,20260922,1024,1024,1,0,0.000322083,1024,NA,NA,NA,5750784,60816,59,16340194407465152223,0,53125,49417,49416,all,474083,322083,322083,53125,42,49417,49416
radix,fdece4e,ascending,20260922,1024,1024,1,0,0.00026225,1024,NA,NA,NA,5865472,181072,176,16340194407465152223,0,53875,54334,49458,all,424626,262250,262250,53875,4709,54334,49458
radix,fdece4e,ascending,20260922,1024,1024,1,0,0.0002575,1024,NA,NA,NA,5898240,181072,176,16340194407465152223,0,57500,54042,49541,all,423083,257500,257500,57500,4500,54042,49541
vector,fdece4e,ascending,20260922,1024,1024,1,0,0.000160583,1024,NA,NA,NA,5865472,42436,41,16340194407465152223,0,78667,73166,49625,all,362041,160583,160583,78667,0,73166,49625
skiplist,fdece4e,ascending,20260922,1024,1024,1,0,0.000362791,1024,NA,NA,NA,5783552,60968,59,16340194407465152223,0,53709,49458,49375,all,515333,362791,362791,53709,0,49458,49375
vector,fdece4e,ascending,20260922,1024,1024,1,0,0.000149208,1024,NA,NA,NA,5849088,42436,41,16340194407465152223,0,67417,63292,49541,all,329583,149208,149208,67417,125,63292,49541
skiplist,fdece4e,ascending,20260922,1024,1024,1,0,0.000336333,1024,NA,NA,NA,5783552,60960,59,16340194407465152223,0,53417,51250,51292,all,492292,336333,336333,53417,0,51250,51292
radix,fdece4e,ascending,20260922,1024,1024,1,0,0.00027075,1024,NA,NA,NA,5881856,181072,176,16340194407465152223,0,56958,56292,51375,all,440208,270750,270750,56958,4833,56292,51375
radix,fdece4e,ascending,20260922,1024,1024,1,0,0.000263375,1024,NA,NA,NA,5898240,181072,176,16340194407465152223,0,59791,56250,51375,all,435624,263375,263375,59791,4833,56250,51375
vector,fdece4e,ascending,20260922,1024,1024,1,0,0.00020025,1024,NA,NA,NA,5865472,42436,41,16340194407465152223,0,73875,65875,51458,all,391541,200250,200250,73875,83,65875,51458
skiplist,fdece4e,ascending,20260922,1024,1024,1,0,0.000340042,1024,NA,NA,NA,5783552,60984,59,16340194407465152223,0,54750,51375,51333,all,497542,340042,340042,54750,42,51375,51333
vector,fdece4e,ascending,20260922,1024,1024,1,0,0.000163542,1024,NA,NA,NA,5849088,42436,41,16340194407465152223,0,73708,65459,51416,all,354125,163542,163542,73708,0,65459,51416
skiplist,fdece4e,ascending,20260922,1024,1024,1,0,0.000316166,1024,NA,NA,NA,5783552,61328,59,16340194407465152223,0,54250,49459,49375,all,469250,316166,316166,54250,0,49459,49375
radix,fdece4e,ascending,20260922,1024,1024,1,0,0.000256584,1024,NA,NA,NA,5881856,181072,176,16340194407465152223,0,56208,54167,49458,all,420917,256584,256584,56208,4500,54167,49458
radix,fdece4e,ascending,20260922,1024,1024,4,0,0.000352125,1024,NA,NA,NA,6012928,193200,188,16340194407465152223,0,54833,56292,51458,all,519416,352125,352125,54833,4708,56292,51458
vector,fdece4e,ascending,20260922,1024,1024,4,0,0.000244584,1024,NA,NA,NA,6225920,43671,42,16340194407465152223,0,186250,179083,50833,all,660750,244584,244584,186250,0,179083,50833
skiplist,fdece4e,ascending,20260922,1024,1024,4,0,0.000283042,1024,NA,NA,NA,5980160,63016,61,16340194407465152223,0,53042,51375,51250,all,438709,283042,283042,53042,0,51375,51250
vector,fdece4e,ascending,20260922,1024,1024,4,0,0.000244084,1024,NA,NA,NA,6209536,43691,42,16340194407465152223,0,179208,165958,53125,all,642458,244084,244084,179208,83,165958,53125
skiplist,fdece4e,ascending,20260922,1024,1024,4,0,0.000333917,1024,NA,NA,NA,5898240,63104,61,16340194407465152223,0,53250,51291,51292,all,489750,333917,333917,53250,0,51291,51292
radix,fdece4e,ascending,20260922,1024,1024,4,0,0.0003565,1024,NA,NA,NA,6045696,198376,193,16340194407465152223,0,56459,57666,51875,all,528416,356500,356500,56459,5916,57666,51875
radix,fdece4e,ascending,20260922,1024,1024,4,0,0.000302042,1024,NA,NA,NA,6127616,194136,189,16340194407465152223,0,58250,56541,51334,all,473251,302042,302042,58250,5084,56541,51334
vector,fdece4e,ascending,20260922,1024,1024,4,0,0.000339333,1024,NA,NA,NA,6012928,43691,42,16340194407465152223,0,182667,172666,49500,all,744208,339333,339333,182667,42,172666,49500
skiplist,fdece4e,ascending,20260922,1024,1024,4,0,0.000337167,1024,NA,NA,NA,5898240,63464,61,16340194407465152223,0,53375,51333,51250,all,493125,337167,337167,53375,0,51333,51250
vector,fdece4e,ascending,20260922,1024,1024,4,0,0.000246333,1024,NA,NA,NA,6209536,43711,42,16340194407465152223,0,178250,196958,81167,all,702750,246333,246333,178250,42,196958,81167
skiplist,fdece4e,ascending,20260922,1024,1024,4,0,0.000366791,1024,NA,NA,NA,5931008,63440,61,16340194407465152223,0,54375,51292,51250,all,523708,366791,366791,54375,0,51292,51250
radix,fdece4e,ascending,20260922,1024,1024,4,0,0.000354625,1024,NA,NA,NA,6045696,196952,192,16340194407465152223,0,59083,57375,51458,all,528291,354625,354625,59083,5750,57375,51458
radix,fdece4e,ascending,20260922,1024,1024,4,0,0.000431833,1024,NA,NA,NA,6029312,199472,194,16340194407465152223,0,64417,58708,51584,all,613376,431833,431833,64417,6834,58708,51584
vector,fdece4e,ascending,20260922,1024,1024,4,0,0.000362375,1024,NA,NA,NA,5963776,43711,42,16340194407465152223,0,378750,453417,125875,all,1320584,362375,362375,378750,167,453417,125875
skiplist,fdece4e,ascending,20260922,1024,1024,4,0,0.000405333,1024,NA,NA,NA,5914624,63840,62,16340194407465152223,0,52958,51292,51250,all,560833,405333,405333,52958,0,51292,51250
radix,fdece4e,ascending,20260922,1024,1024,8,0,0.00038675,1024,NA,NA,NA,6144000,194888,190,16340194407465152223,0,77750,56250,51375,all,577000,386750,386750,77750,4875,56250,51375
vector,fdece4e,ascending,20260922,1024,1024,8,0,0.00052225,1024,NA,NA,NA,6094848,43691,42,16340194407465152223,0,182125,212500,52167,all,969125,522250,522250,182125,83,212500,52167
skiplist,fdece4e,ascending,20260922,1024,1024,8,0,0.000338833,1024,NA,NA,NA,6029312,64304,62,16340194407465152223,0,52875,51292,51292,all,494292,338833,338833,52875,0,51292,51292
vector,fdece4e,ascending,20260922,1024,1024,8,0,0.000330333,1024,NA,NA,NA,6193152,43691,42,16340194407465152223,0,171834,159500,53583,all,715292,330333,330333,171834,42,159500,53583
skiplist,fdece4e,ascending,20260922,1024,1024,8,0,0.000678916,1024,NA,NA,NA,5963776,63944,62,16340194407465152223,0,87625,98125,86209,all,950917,678916,678916,87625,42,98125,86209
radix,fdece4e,ascending,20260922,1024,1024,8,0,0.000359,1024,NA,NA,NA,6144000,202480,197,16340194407465152223,0,54542,57041,51334,all,527459,359000,359000,54542,5542,57041,51334
radix,fdece4e,ascending,20260922,1024,1024,8,0,0.000350041,1024,NA,NA,NA,6127616,200600,195,16340194407465152223,0,56167,56958,51500,all,520041,350041,350041,56167,5375,56958,51500
vector,fdece4e,ascending,20260922,1024,1024,8,0,0.000391083,1024,NA,NA,NA,6193152,43631,42,16340194407465152223,0,205792,280583,51917,all,929417,391083,391083,205792,42,280583,51917
skiplist,fdece4e,ascending,20260922,1024,1024,8,0,0.000319625,1024,NA,NA,NA,6062080,63688,62,16340194407465152223,0,52750,51375,51208,all,475000,319625,319625,52750,42,51375,51208
vector,fdece4e,ascending,20260922,1024,1024,8,0,0.000393792,1024,NA,NA,NA,6144000,43671,42,16340194407465152223,0,238625,228458,51417,all,912334,393792,393792,238625,42,228458,51417
skiplist,fdece4e,ascending,20260922,1024,1024,8,0,0.000280875,1024,NA,NA,NA,6029312,63896,62,16340194407465152223,0,52500,51292,51292,all,435959,280875,280875,52500,0,51292,51292
radix,fdece4e,ascending,20260922,1024,1024,8,0,0.0003705,1024,NA,NA,NA,6225920,198608,193,16340194407465152223,0,54084,56833,51417,all,538209,370500,370500,54084,5375,56833,51417
radix,fdece4e,ascending,20260922,1024,1024,8,0,0.000508417,1024,NA,NA,NA,6094848,198472,193,16340194407465152223,0,55042,56375,51500,all,676251,508417,508417,55042,4917,56375,51500
vector,fdece4e,ascending,20260922,1024,1024,8,0,0.000352667,1024,NA,NA,NA,6258688,43651,42,16340194407465152223,0,173416,158625,51792,all,736541,352667,352667,173416,41,158625,51792
skiplist,fdece4e,ascending,20260922,1024,1024,8,0,0.000289583,1024,NA,NA,NA,6029312,64264,62,16340194407465152223,0,52292,51333,51583,all,444832,289583,289583,52292,41,51333,51583
vector,fdece4e,random,20260922,1024,1024,1,0,0.000155666,1024,NA,NA,NA,5865472,42436,41,16340194407465152223,0,175375,167209,48333,all,546624,155666,155666,175375,41,167209,48333
skiplist,fdece4e,random,20260922,1024,1024,1,0,0.000362375,1024,NA,NA,NA,5767168,60880,59,16340194407465152223,0,52833,49500,49417,all,514125,362375,362375,52833,0,49500,49417
radix,fdece4e,random,20260922,1024,1024,1,0,0.00029575,1024,NA,NA,NA,5881856,183440,179,16340194407465152223,0,60500,57750,51583,all,471750,295750,295750,60500,6167,57750,51583
radix,fdece4e,random,20260922,1024,1024,1,0,0.000299625,1024,NA,NA,NA,5865472,183440,179,16340194407465152223,0,55458,54209,49458,all,463375,299625,299625,55458,4625,54209,49458
vector,fdece4e,random,20260922,1024,1024,1,0,0.000151375,1024,NA,NA,NA,5849088,42436,41,16340194407465152223,0,183125,175917,51500,all,561917,151375,151375,183125,0,175917,51500
skiplist,fdece4e,random,20260922,1024,1024,1,0,0.000348666,1024,NA,NA,NA,5767168,60696,59,16340194407465152223,0,53209,49458,49458,all,500832,348666,348666,53209,41,49458,49458
vector,fdece4e,random,20260922,1024,1024,1,0,0.000159917,1024,NA,NA,NA,5881856,42436,41,16340194407465152223,0,183333,166834,48250,all,558334,159917,159917,183333,0,166834,48250
skiplist,fdece4e,random,20260922,1024,1024,1,0,0.000360125,1024,NA,NA,NA,5783552,60904,59,16340194407465152223,0,55959,51333,51333,all,518750,360125,360125,55959,0,51333,51333
radix,fdece4e,random,20260922,1024,1024,1,0,0.000298209,1024,NA,NA,NA,5865472,183440,179,16340194407465152223,0,55958,56250,112125,all,527208,298209,298209,55958,4666,56250,112125
radix,fdece4e,random,20260922,1024,1024,1,0,0.000342417,1024,NA,NA,NA,5898240,183440,179,16340194407465152223,0,57500,56292,51500,all,512417,342417,342417,57500,4708,56292,51500
vector,fdece4e,random,20260922,1024,1024,1,0,0.000157875,1024,NA,NA,NA,5849088,42436,41,16340194407465152223,0,177084,169041,48667,all,552709,157875,157875,177084,42,169041,48667
skiplist,fdece4e,random,20260922,1024,1024,1,0,0.00032725,1024,NA,NA,NA,5799936,61024,59,16340194407465152223,0,53375,49458,49417,all,479541,327250,327250,53375,41,49458,49417
vector,fdece4e,random,20260922,1024,1024,1,0,0.0001605,1024,NA,NA,NA,5849088,42436,41,16340194407465152223,0,183833,173167,49542,all,567125,160500,160500,183833,83,173167,49542
skiplist,fdece4e,random,20260922,1024,1024,1,0,0.00034275,1024,NA,NA,NA,5799936,61216,59,16340194407465152223,0,52708,51333,51792,all,498583,342750,342750,52708,0,51333,51792
radix,fdece4e,random,20260922,1024,1024,1,0,0.000275375,1024,NA,NA,NA,5865472,183440,179,16340194407465152223,0,63166,56084,51500,all,450834,275375,275375,63166,4709,56084,51500
radix,fdece4e,random,20260922,1024,1024,4,0,0.000269583,1024,NA,NA,NA,6062080,199464,194,16340194407465152223,0,54417,56250,51375,all,436458,269583,269583,54417,4833,56250,51375
vector,fdece4e,random,20260922,1024,1024,4,0,0.000273458,1024,NA,NA,NA,6045696,43691,42,16340194407465152223,0,186292,171583,53417,all,684750,273458,273458,186292,0,171583,53417
skiplist,fdece4e,random,20260922,1024,1024,4,0,0.000394708,1024,NA,NA,NA,5914624,63824,62,16340194407465152223,0,54333,51334,51250,all,551625,394708,394708,54333,0,51334,51250
vector,fdece4e,random,20260922,1024,1024,4,0,0.000302542,1024,NA,NA,NA,5996544,43691,42,16340194407465152223,0,238333,178875,51334,all,771084,302542,302542,238333,0,178875,51334
skiplist,fdece4e,random,20260922,1024,1024,4,0,0.000587875,1024,NA,NA,NA,5947392,64104,62,16340194407465152223,0,53583,51333,51292,all,744125,587875,587875,53583,42,51333,51292
radix,fdece4e,random,20260922,1024,1024,4,0,0.000291167,1024,NA,NA,NA,6176768,197128,192,16340194407465152223,0,54416,56375,51375,all,458208,291167,291167,54416,4875,56375,51375
radix,fdece4e,random,20260922,1024,1024,4,0,0.000248583,1024,NA,NA,NA,6160384,198112,193,16340194407465152223,0,54542,56333,51292,all,415583,248583,248583,54542,4833,56333,51292
vector,fdece4e,random,20260922,1024,1024,4,0,0.000284875,1024,NA,NA,NA,6193152,43691,42,16340194407465152223,0,185041,174459,49541,all,693958,284875,284875,185041,42,174459,49541
skiplist,fdece4e,random,20260922,1024,1024,4,0,0.000250666,1024,NA,NA,NA,6029312,63176,61,16340194407465152223,0,51542,48250,48125,all,398583,250666,250666,51542,0,48250,48125
vector,fdece4e,random,20260922,1024,1024,4,0,0.00032675,1024,NA,NA,NA,6209536,43691,42,16340194407465152223,0,189167,177625,51333,all,744875,326750,326750,189167,0,177625,51333
skiplist,fdece4e,random,20260922,1024,1024,4,0,0.000259042,1024,NA,NA,NA,5996544,63728,62,16340194407465152223,0,52458,51334,51250,all,414084,259042,259042,52458,0,51334,51250
radix,fdece4e,random,20260922,1024,1024,4,0,0.000298792,1024,NA,NA,NA,6045696,194480,189,16340194407465152223,0,54417,56291,51334,all,465625,298792,298792,54417,4791,56291,51334
radix,fdece4e,random,20260922,1024,1024,4,0,0.000354125,1024,NA,NA,NA,6029312,192912,188,16340194407465152223,0,58667,56041,51292,all,524667,354125,354125,58667,4542,56041,51292
vector,fdece4e,random,20260922,1024,1024,4,0,0.000366583,1024,NA,NA,NA,5980160,43691,42,16340194407465152223,0,187292,179042,51375,all,784417,366583,366583,187292,125,179042,51375
skiplist,fdece4e,random,20260922,1024,1024,4,0,0.000406792,1024,NA,NA,NA,5947392,63368,61,16340194407465152223,0,53542,51291,51292,all,562917,406792,406792,53542,0,51291,51292
radix,fdece4e,random,20260922,1024,1024,8,0,0.000420041,1024,NA,NA,NA,6193152,199544,194,16340194407465152223,0,58250,56584,51541,all,591499,420041,420041,58250,5083,56584,51541
vector,fdece4e,random,20260922,1024,1024,8,0,0.000365833,1024,NA,NA,NA,6258688,43631,42,16340194407465152223,0,185458,176792,50792,all,778917,365833,365833,185458,42,176792,50792
skiplist,fdece4e,random,20260922,1024,1024,8,0,0.0003605,1024,NA,NA,NA,6012928,63232,61,16340194407465152223,0,52666,51334,51333,all,515833,360500,360500,52666,0,51334,51333
vector,fdece4e,random,20260922,1024,1024,8,0,0.000325791,1024,NA,NA,NA,6127616,43651,42,16340194407465152223,0,189750,169667,48292,all,733542,325791,325791,189750,42,169667,48292
skiplist,fdece4e,random,20260922,1024,1024,8,0,0.000310542,1024,NA,NA,NA,6012928,63616,62,16340194407465152223,0,53833,51333,51292,all,467000,310542,310542,53833,0,51333,51292
radix,fdece4e,random,20260922,1024,1024,8,0,0.000386875,1024,NA,NA,NA,6078464,199072,194,16340194407465152223,0,55792,56125,51375,all,554875,386875,386875,55792,4708,56125,51375
radix,fdece4e,random,20260922,1024,1024,8,0,0.000350375,1024,NA,NA,NA,6127616,196944,192,16340194407465152223,0,54750,56500,51375,all,518042,350375,350375,54750,5042,56500,51375
vector,fdece4e,random,20260922,1024,1024,8,0,0.00041125,1024,NA,NA,NA,6094848,43711,42,16340194407465152223,0,185208,176958,51334,all,824750,411250,411250,185208,0,176958,51334
skiplist,fdece4e,random,20260922,1024,1024,8,0,0.000314042,1024,NA,NA,NA,6045696,63888,62,16340194407465152223,0,52333,51375,51250,all,469042,314042,314042,52333,42,51375,51250
vector,fdece4e,random,20260922,1024,1024,8,0,0.000415458,1024,NA,NA,NA,6144000,43711,42,16340194407465152223,0,191333,175875,51375,all,834041,415458,415458,191333,0,175875,51375
skiplist,fdece4e,random,20260922,1024,1024,8,0,0.000435042,1024,NA,NA,NA,6062080,63640,62,16340194407465152223,0,52583,51292,51333,all,590292,435042,435042,52583,42,51292,51333
radix,fdece4e,random,20260922,1024,1024,8,0,0.000362583,1024,NA,NA,NA,6160384,200232,195,16340194407465152223,0,55667,56375,51250,all,530791,362583,362583,55667,4916,56375,51250
radix,fdece4e,random,20260922,1024,1024,8,0,0.000338083,1024,NA,NA,NA,6193152,200240,195,16340194407465152223,0,54542,56750,51417,all,505917,338083,338083,54542,5125,56750,51417
vector,fdece4e,random,20260922,1024,1024,8,0,0.000343375,1024,NA,NA,NA,6127616,43671,42,16340194407465152223,0,183666,169084,48291,all,744458,343375,343375,183666,42,169084,48291
skiplist,fdece4e,random,20260922,1024,1024,8,0,0.000378834,1024,NA,NA,NA,6012928,63792,62,16340194407465152223,0,53166,51292,51292,all,534584,378834,378834,53166,0,51292,51292
vector,fdece4e,versions,20260922,1024,1024,1,0,0.000160333,1024,NA,NA,NA,5865472,42436,41,3561195745626025575,0,183667,169041,48459,all,561542,160333,160333,183667,42,169041,48459
skiplist,fdece4e,versions,20260922,1024,1024,1,0,0.000335333,1024,NA,NA,NA,5783552,61088,59,3561195745626025575,0,53000,50583,49584,all,488500,335333,335333,53000,0,50583,49584
radix,fdece4e,versions,20260922,1024,1024,1,0,0.000307792,1024,NA,NA,NA,5849088,160832,157,3561195745626025575,0,57375,57250,51500,all,479542,307792,307792,57375,5625,57250,51500
radix,fdece4e,versions,20260922,1024,1024,1,0,0.000290166,1024,NA,NA,NA,5849088,160832,157,3561195745626025575,0,54959,55208,49583,all,455374,290166,290166,54959,5458,55208,49583
vector,fdece4e,versions,20260922,1024,1024,1,0,0.000168416,1024,NA,NA,NA,5849088,42436,41,3561195745626025575,0,189500,174334,49583,all,581874,168416,168416,189500,41,174334,49583
skiplist,fdece4e,versions,20260922,1024,1024,1,0,0.000345042,1024,NA,NA,NA,5767168,60824,59,3561195745626025575,0,53750,51500,51416,all,501749,345042,345042,53750,41,51500,51416
vector,fdece4e,versions,20260922,1024,1024,1,0,0.000165625,1024,NA,NA,NA,5865472,42436,41,3561195745626025575,0,183542,169458,48417,all,567042,165625,165625,183542,0,169458,48417
skiplist,fdece4e,versions,20260922,1024,1024,1,0,0.000370375,1024,NA,NA,NA,5783552,61136,59,3561195745626025575,0,99333,86208,86084,all,642042,370375,370375,99333,42,86208,86084
radix,fdece4e,versions,20260922,1024,1024,1,0,0.000294458,1024,NA,NA,NA,5865472,160832,157,3561195745626025575,0,53792,55083,49542,all,458291,294458,294458,53792,5416,55083,49542
radix,fdece4e,versions,20260922,1024,1024,1,0,0.000307625,1024,NA,NA,NA,5865472,160832,157,3561195745626025575,0,56000,55333,49625,all,474208,307625,307625,56000,5625,55333,49625
vector,fdece4e,versions,20260922,1024,1024,1,0,0.000159041,1024,NA,NA,NA,5865472,42436,41,3561195745626025575,0,186125,178709,51375,all,575292,159041,159041,186125,42,178709,51375
skiplist,fdece4e,versions,20260922,1024,1024,1,0,0.000350667,1024,NA,NA,NA,5816320,60880,59,3561195745626025575,0,51417,49541,49584,all,501209,350667,350667,51417,0,49541,49584
vector,fdece4e,versions,20260922,1024,1024,1,0,0.000174083,1024,NA,NA,NA,5865472,42436,41,3561195745626025575,0,189000,179709,51416,all,594250,174083,174083,189000,42,179709,51416
skiplist,fdece4e,versions,20260922,1024,1024,1,0,0.000337959,1024,NA,NA,NA,5799936,60928,59,3561195745626025575,0,56916,51584,51458,all,497917,337959,337959,56916,0,51584,51458
radix,fdece4e,versions,20260922,1024,1024,1,0,0.000746959,1024,NA,NA,NA,5881856,160832,157,3561195745626025575,0,59750,58000,52500,all,923584,746959,746959,59750,6375,58000,52500
radix,fdece4e,versions,20260922,1024,1024,4,0,0.000379792,1024,NA,NA,NA,5963776,164720,160,3561195745626025575,0,57917,57916,51417,all,553459,379792,379792,57917,6417,57916,51417
vector,fdece4e,versions,20260922,1024,1024,4,0,0.000276875,1024,NA,NA,NA,6176768,43691,42,3561195745626025575,0,200917,181500,48375,all,707667,276875,276875,200917,0,181500,48375
skiplist,fdece4e,versions,20260922,1024,1024,4,0,0.000336458,1024,NA,NA,NA,5898240,63992,62,3561195745626025575,0,53542,51458,51375,all,492874,336458,336458,53542,41,51458,51375
vector,fdece4e,versions,20260922,1024,1024,4,0,0.000257666,1024,NA,NA,NA,6160384,43691,42,3561195745626025575,0,200209,181916,56792,all,696583,257666,257666,200209,0,181916,56792
skiplist,fdece4e,versions,20260922,1024,1024,4,0,0.000243167,1024,NA,NA,NA,6144000,63640,62,3561195745626025575,0,52500,51458,51375,all,398500,243167,243167,52500,0,51458,51375
radix,fdece4e,versions,20260922,1024,1024,4,0,0.000369458,1024,NA,NA,NA,5980160,171480,167,3561195745626025575,0,59917,58083,51542,all,545583,369458,369458,59917,6583,58083,51542
radix,fdece4e,versions,20260922,1024,1024,4,0,0.000266125,1024,NA,NA,NA,6029312,172632,168,3561195745626025575,0,56417,57708,51459,all,437876,266125,266125,56417,6167,57708,51459
vector,fdece4e,versions,20260922,1024,1024,4,0,0.000287125,1024,NA,NA,NA,6029312,43691,42,3561195745626025575,0,200750,189916,54459,all,732291,287125,287125,200750,41,189916,54459
skiplist,fdece4e,versions,20260922,1024,1024,4,0,0.000360958,1024,NA,NA,NA,5931008,64232,62,3561195745626025575,0,53125,51875,51583,all,517541,360958,360958,53125,0,51875,51583
vector,fdece4e,versions,20260922,1024,1024,4,0,0.000247166,1024,NA,NA,NA,6225920,43691,42,3561195745626025575,0,196667,180792,48500,all,673166,247166,247166,196667,41,180792,48500
skiplist,fdece4e,versions,20260922,1024,1024,4,0,0.000354333,1024,NA,NA,NA,5881856,64616,63,3561195745626025575,0,53292,51375,51458,all,510458,354333,354333,53292,0,51375,51458
radix,fdece4e,versions,20260922,1024,1024,4,0,0.000364125,1024,NA,NA,NA,6078464,170240,166,3561195745626025575,0,57500,57916,51417,all,537291,364125,364125,57500,6333,57916,51417
radix,fdece4e,versions,20260922,1024,1024,4,0,0.000286208,1024,NA,NA,NA,6029312,195224,190,3561195745626025575,0,58250,57875,51542,all,460083,286208,286208,58250,6208,57875,51542
vector,fdece4e,versions,20260922,1024,1024,4,0,0.000261583,1024,NA,NA,NA,6209536,43691,42,3561195745626025575,0,201333,183542,49708,all,696416,261583,261583,201333,250,183542,49708
skiplist,fdece4e,versions,20260922,1024,1024,4,0,0.000291917,1024,NA,NA,NA,6029312,64552,63,3561195745626025575,0,52708,51584,51458,all,447667,291917,291917,52708,0,51584,51458
radix,fdece4e,versions,20260922,1024,1024,8,0,0.000399833,1024,NA,NA,NA,6160384,166264,162,3561195745626025575,0,59834,58333,51625,all,576333,399833,399833,59834,6708,58333,51625
vector,fdece4e,versions,20260922,1024,1024,8,0,0.000389416,1024,NA,NA,NA,6078464,43691,42,3561195745626025575,0,192917,177333,49542,all,809208,389416,389416,192917,0,177333,49542
skiplist,fdece4e,versions,20260922,1024,1024,8,0,0.000310416,1024,NA,NA,NA,6045696,63304,61,3561195745626025575,0,52500,51459,51375,all,465792,310416,310416,52500,42,51459,51375
vector,fdece4e,versions,20260922,1024,1024,8,0,0.000322708,1024,NA,NA,NA,6160384,43630,42,3561195745626025575,0,196875,181417,49667,all,750667,322708,322708,196875,0,181417,49667
skiplist,fdece4e,versions,20260922,1024,1024,8,0,0.0003615,1024,NA,NA,NA,6029312,64160,62,3561195745626025575,0,52584,51458,51417,all,517000,361500,361500,52584,41,51458,51417
radix,fdece4e,versions,20260922,1024,1024,8,0,0.000479917,1024,NA,NA,NA,6094848,165496,161,3561195745626025575,0,66083,58167,51541,all,662249,479917,479917,66083,6541,58167,51541
radix,fdece4e,versions,20260922,1024,1024,8,0,0.000487667,1024,NA,NA,NA,6127616,163024,159,3561195745626025575,0,64375,57833,51500,all,667666,487667,487667,64375,6291,57833,51500
vector,fdece4e,versions,20260922,1024,1024,8,0,0.000326875,1024,NA,NA,NA,6160384,43651,42,3561195745626025575,0,192667,172583,48375,all,740541,326875,326875,192667,41,172583,48375
skiplist,fdece4e,versions,20260922,1024,1024,8,0,0.000922666,1024,NA,NA,NA,6029312,63392,61,3561195745626025575,0,136959,129166,87375,all,1276166,922666,922666,136959,0,129166,87375
vector,fdece4e,versions,20260922,1024,1024,8,0,0.000346792,1024,NA,NA,NA,6258688,43631,42,3561195745626025575,0,193792,174250,48416,all,763250,346792,346792,193792,0,174250,48416
skiplist,fdece4e,versions,20260922,1024,1024,8,0,0.000342416,1024,NA,NA,NA,6062080,63784,62,3561195745626025575,0,52875,51459,51500,all,498292,342416,342416,52875,42,51459,51500
radix,fdece4e,versions,20260922,1024,1024,8,0,0.000409542,1024,NA,NA,NA,6111232,166480,162,3561195745626025575,0,58708,57833,51542,all,583958,409542,409542,58708,6333,57833,51542
radix,fdece4e,versions,20260922,1024,1024,8,0,0.000381875,1024,NA,NA,NA,6078464,169384,165,3561195745626025575,0,57334,57791,51459,all,554793,381875,381875,57334,6334,57791,51459
vector,fdece4e,versions,20260922,1024,1024,8,0,0.000344542,1024,NA,NA,NA,6111232,43651,42,3561195745626025575,0,194250,186833,51458,all,777125,344542,344542,194250,42,186833,51458
skiplist,fdece4e,versions,20260922,1024,1024,8,0,0.000304583,1024,NA,NA,NA,6045696,63248,61,3561195745626025575,0,52417,51416,51417,all,459874,304583,304583,52417,41,51416,51417
vector,fdece4e,ascending,20260922,16384,16384,1,0,0.00403213,16384,NA,NA,NA,7061504,679171,41,10391311361299390019,0,1124792,1084416,853834,all,7095208,4032125,4032125,1124792,41,1084416,853834
skiplist,fdece4e,ascending,20260922,16384,16384,1,0,0.00765783,16384,NA,NA,NA,6848512,969600,59,10391311361299390019,0,808583,778084,771083,all,10015625,7657833,7657833,808583,42,778084,771083
radix,fdece4e,ascending,20260922,16384,16384,1,0,0.00379912,16384,NA,NA,NA,8765440,2910392,177,10391311361299390019,0,841042,918416,820834,all,6487000,3799125,3799125,841042,107583,918416,820834
radix,fdece4e,ascending,20260922,16384,16384,1,0,0.00377475,16384,NA,NA,NA,8749056,2910392,177,10391311361299390019,0,833042,931542,800375,all,6466751,3774750,3774750,833042,127042,931542,800375
vector,fdece4e,ascending,20260922,16384,16384,1,0,0.00183733,16384,NA,NA,NA,7028736,679171,41,10391311361299390019,0,1013667,1031083,816958,all,4699041,1837333,1837333,1013667,0,1031083,816958
skiplist,fdece4e,ascending,20260922,16384,16384,1,0,0.00582742,16384,NA,NA,NA,6848512,969176,59,10391311361299390019,0,788583,771250,771167,all,8158417,5827417,5827417,788583,0,771250,771167
vector,fdece4e,ascending,20260922,16384,16384,1,0,0.00194883,16384,NA,NA,NA,6979584,679171,41,10391311361299390019,0,1113792,1054958,833750,all,4951333,1948833,1948833,1113792,0,1054958,833750
skiplist,fdece4e,ascending,20260922,16384,16384,1,0,0.00603113,16384,NA,NA,NA,6832128,970144,59,10391311361299390019,0,841792,823625,825791,all,8522416,6031125,6031125,841792,83,823625,825791
radix,fdece4e,ascending,20260922,16384,16384,1,0,0.00353417,16384,NA,NA,NA,8749056,2910392,177,10391311361299390019,0,812125,883083,803792,all,6113792,3534167,3534167,812125,80625,883083,803792
radix,fdece4e,ascending,20260922,16384,16384,1,0,0.0035845,16384,NA,NA,NA,8749056,2910392,177,10391311361299390019,0,820250,851167,798583,all,6131041,3584500,3584500,820250,76541,851167,798583
vector,fdece4e,ascending,20260922,16384,16384,1,0,0.00178038,16384,NA,NA,NA,6995968,679171,41,10391311361299390019,0,991375,976000,789875,all,4537625,1780375,1780375,991375,0,976000,789875
skiplist,fdece4e,ascending,20260922,16384,16384,1,0,0.00592412,16384,NA,NA,NA,6832128,969320,59,10391311361299390019,0,782083,782875,802375,all,8291500,5924125,5924125,782083,42,782875,802375
vector,fdece4e,ascending,20260922,16384,16384,1,0,0.00185833,16384,NA,NA,NA,7012352,679171,41,10391311361299390019,0,1111917,1039583,822375,all,4832291,1858333,1858333,1111917,83,1039583,822375
skiplist,fdece4e,ascending,20260922,16384,16384,1,0,0.00636292,16384,NA,NA,NA,6832128,969032,59,10391311361299390019,0,779792,770958,784834,all,8698500,6362916,6362916,779792,0,770958,784834
radix,fdece4e,ascending,20260922,16384,16384,1,0,0.00367696,16384,NA,NA,NA,8749056,2910392,177,10391311361299390019,0,810209,927625,807750,all,6330501,3676958,3676958,810209,107959,927625,807750
radix,fdece4e,ascending,20260922,16384,16384,4,0,0.00190058,16384,NA,NA,NA,9535488,3286864,200,10391311361299390019,0,875625,1002417,798083,all,4754916,1900583,1900583,875625,178208,1002417,798083
vector,fdece4e,ascending,20260922,16384,16384,4,0,0.00147496,16384,NA,NA,NA,7536640,700311,42,10391311361299390019,0,5931000,3650792,861208,all,11917958,1474958,1474958,5931000,0,3650792,861208
skiplist,fdece4e,ascending,20260922,16384,16384,4,0,0.00535671,16384,NA,NA,NA,6946816,1018552,62,10391311361299390019,0,920834,823875,822958,all,7924375,5356708,5356708,920834,0,823875,822958
vector,fdece4e,ascending,20260922,16384,16384,4,0,0.000949583,16384,NA,NA,NA,7602176,700331,42,10391311361299390019,0,3484334,3771166,834667,all,9039792,949583,949583,3484334,42,3771166,834667
skiplist,fdece4e,ascending,20260922,16384,16384,4,0,0.00253975,16384,NA,NA,NA,7290880,1014872,61,10391311361299390019,0,865625,810333,899417,all,5115167,2539750,2539750,865625,42,810333,899417
radix,fdece4e,ascending,20260922,16384,16384,4,0,0.00222146,16384,NA,NA,NA,9453568,3239576,197,10391311361299390019,0,846667,907333,805792,all,4863791,2221458,2221458,846667,82541,907333,805792
radix,fdece4e,ascending,20260922,16384,16384,4,0,0.00303117,16384,NA,NA,NA,9371648,3154560,192,10391311361299390019,0,895625,969750,862334,all,5873875,3031166,3031166,895625,115000,969750,862334
vector,fdece4e,ascending,20260922,16384,16384,4,0,0.00092925,16384,NA,NA,NA,7471104,700331,42,10391311361299390019,0,3783250,3751709,821791,all,9286667,929250,929250,3783250,667,3751709,821791
skiplist,fdece4e,ascending,20260922,16384,16384,4,0,0.00321846,16384,NA,NA,NA,7225344,1011808,61,10391311361299390019,0,1548542,1557625,961500,all,7286166,3218458,3218458,1548542,41,1557625,961500
vector,fdece4e,ascending,20260922,16384,16384,4,0,0.00096375,16384,NA,NA,NA,7503872,700331,42,10391311361299390019,0,3552250,3684584,852125,all,9052709,963750,963750,3552250,0,3684584,852125
skiplist,fdece4e,ascending,20260922,16384,16384,4,0,0.00321433,16384,NA,NA,NA,7208960,1016344,62,10391311361299390019,0,859167,885458,869125,all,5828083,3214333,3214333,859167,0,885458,869125
radix,fdece4e,ascending,20260922,16384,16384,4,0,0.00206579,16384,NA,NA,NA,9322496,3196640,195,10391311361299390019,0,809000,851083,771625,all,4575416,2065792,2065792,809000,77916,851083,771625
radix,fdece4e,ascending,20260922,16384,16384,4,0,0.001934,16384,NA,NA,NA,9453568,3248200,198,10391311361299390019,0,827250,865125,814250,all,4519041,1934000,1934000,827250,78416,865125,814250
vector,fdece4e,ascending,20260922,16384,16384,4,0,0.00174708,16384,NA,NA,NA,7634944,700331,42,10391311361299390019,0,3786458,3647542,821125,all,10002251,1747084,1747084,3786458,42,3647542,821125
skiplist,fdece4e,ascending,20260922,16384,16384,4,0,0.00626979,16384,NA,NA,NA,7012352,1014312,61,10391311361299390019,0,823833,794667,789500,all,8677834,6269792,6269792,823833,42,794667,789500
radix,fdece4e,ascending,20260922,16384,16384,8,0,0.00329971,16384,NA,NA,NA,9322496,3164376,193,10391311361299390019,0,1301625,1151708,877542,all,6870293,3299709,3299709,1301625,239709,1151708,877542
vector,fdece4e,ascending,20260922,16384,16384,8,0,0.00108329,16384,NA,NA,NA,7651328,700271,42,10391311361299390019,0,3283625,3207750,801958,all,8376750,1083292,1083292,3283625,125,3207750,801958
skiplist,fdece4e,ascending,20260922,16384,16384,8,0,0.00205629,16384,NA,NA,NA,7356416,1022392,62,10391311361299390019,0,790459,796458,800875,all,4444083,2056291,2056291,790459,0,796458,800875
vector,fdece4e,ascending,20260922,16384,16384,8,0,0.00196742,16384,NA,NA,NA,7520256,700209,42,10391311361299390019,0,5499834,3396416,801000,all,11664666,1967416,1967416,5499834,0,3396416,801000
skiplist,fdece4e,ascending,20260922,16384,16384,8,0,0.0055535,16384,NA,NA,NA,7110656,1015632,61,10391311361299390019,0,852083,846333,779917,all,8031833,5553500,5553500,852083,0,846333,779917
radix,fdece4e,ascending,20260922,16384,16384,8,0,0.00318812,16384,NA,NA,NA,9502720,3157336,192,10391311361299390019,0,859667,891708,868667,all,5891334,3188125,3188125,859667,83167,891708,868667
radix,fdece4e,ascending,20260922,16384,16384,8,0,0.00241863,16384,NA,NA,NA,9469952,3184536,194,10391311361299390019,0,1104334,975875,886000,all,5487167,2418625,2418625,1104334,102333,975875,886000
vector,fdece4e,ascending,20260922,16384,16384,8,0,0.0011845,16384,NA,NA,NA,7618560,700291,42,10391311361299390019,0,3475834,3378000,823708,all,8862042,1184500,1184500,3475834,0,3378000,823708
skiplist,fdece4e,ascending,20260922,16384,16384,8,0,0.00217979,16384,NA,NA,NA,7389184,1022456,62,10391311361299390019,0,827250,805666,771209,all,4583917,2179792,2179792,827250,0,805666,771209
vector,fdece4e,ascending,20260922,16384,16384,8,0,0.00130233,16384,NA,NA,NA,7651328,700311,42,10391311361299390019,0,3343083,3191417,777667,all,8614625,1302333,1302333,3343083,125,3191417,777667
skiplist,fdece4e,ascending,20260922,16384,16384,8,0,0.00572692,16384,NA,NA,NA,7028736,1015928,62,10391311361299390019,0,841208,804875,811209,all,8184209,5726917,5726917,841208,0,804875,811209
radix,fdece4e,ascending,20260922,16384,16384,8,0,0.00356554,16384,NA,NA,NA,9502720,3159536,192,10391311361299390019,0,908709,947666,851917,all,6384500,3565541,3565541,908709,110667,947666,851917
radix,fdece4e,ascending,20260922,16384,16384,8,0,0.00365792,16384,NA,NA,NA,9175040,3162008,192,10391311361299390019,0,1311042,1087417,835791,all,7121249,3657916,3657916,1311042,229083,1087417,835791
vector,fdece4e,ascending,20260922,16384,16384,8,0,0.00120425,16384,NA,NA,NA,7634944,700271,42,10391311361299390019,0,3457542,3241042,787375,all,8690500,1204250,1204250,3457542,291,3241042,787375
skiplist,fdece4e,ascending,20260922,16384,16384,8,0,0.00208883,16384,NA,NA,NA,7372800,1018104,62,10391311361299390019,0,784250,773000,788792,all,4434917,2088833,2088833,784250,42,773000,788792
vector,fdece4e,random,20260922,16384,16384,1,0,0.00181667,16384,NA,NA,NA,6995968,679171,41,10391311361299390019,0,3895750,3784291,823875,all,10320583,1816667,1816667,3895750,0,3784291,823875
skiplist,fdece4e,random,20260922,16384,16384,1,0,0.00650271,16384,NA,NA,NA,6832128,969576,59,10391311361299390019,0,878208,839500,841208,all,9061625,6502709,6502709,878208,0,839500,841208
radix,fdece4e,random,20260922,16384,16384,1,0,0.00417429,16384,NA,NA,NA,8798208,2939464,179,10391311361299390019,0,845250,893292,812458,all,6802001,4174292,4174292,845250,76709,893292,812458
radix,fdece4e,random,20260922,16384,16384,1,0,0.00405742,16384,NA,NA,NA,8798208,2939464,179,10391311361299390019,0,1183875,1103417,823375,all,7396167,4057417,4057417,1183875,228083,1103417,823375
vector,fdece4e,random,20260922,16384,16384,1,0,0.00173721,16384,NA,NA,NA,7012352,679171,41,10391311361299390019,0,3688792,3584708,783917,all,9794750,1737208,1737208,3688792,125,3584708,783917
skiplist,fdece4e,random,20260922,16384,16384,1,0,0.00629425,16384,NA,NA,NA,6815744,969304,59,10391311361299390019,0,799125,771916,788625,all,8653958,6294250,6294250,799125,42,771916,788625
vector,fdece4e,random,20260922,16384,16384,1,0,0.001769,16384,NA,NA,NA,7028736,679171,41,10391311361299390019,0,3664541,3586459,949833,all,9969833,1769000,1769000,3664541,0,3586459,949833
skiplist,fdece4e,random,20260922,16384,16384,1,0,0.0081985,16384,NA,NA,NA,6832128,969504,59,10391311361299390019,0,934625,898542,838666,all,10870375,8198500,8198500,934625,42,898542,838666
radix,fdece4e,random,20260922,16384,16384,1,0,0.00486571,16384,NA,NA,NA,8830976,2939464,179,10391311361299390019,0,1315250,958541,823459,all,8076542,4865709,4865709,1315250,113583,958541,823459
radix,fdece4e,random,20260922,16384,16384,1,0,0.00404271,16384,NA,NA,NA,8781824,2939464,179,10391311361299390019,0,1708958,1647375,1220542,all,8759292,4042708,4042708,1708958,139709,1647375,1220542
vector,fdece4e,random,20260922,16384,16384,1,0,0.00181667,16384,NA,NA,NA,7012352,679171,41,10391311361299390019,0,3990292,3758416,819875,all,10385375,1816667,1816667,3990292,125,3758416,819875
skiplist,fdece4e,random,20260922,16384,16384,1,0,0.00586288,16384,NA,NA,NA,6815744,971000,59,10391311361299390019,0,781584,771250,778166,all,8193916,5862875,5862875,781584,41,771250,778166
vector,fdece4e,random,20260922,16384,16384,1,0,0.00177446,16384,NA,NA,NA,7012352,679171,41,10391311361299390019,0,3593833,3915167,812666,all,10096292,1774459,1774459,3593833,167,3915167,812666
skiplist,fdece4e,random,20260922,16384,16384,1,0,0.00742163,16384,NA,NA,NA,6864896,969840,59,10391311361299390019,0,1845250,1397208,1294209,all,11958292,7421625,7421625,1845250,0,1397208,1294209
radix,fdece4e,random,20260922,16384,16384,1,0,0.00403883,16384,NA,NA,NA,8814592,2939464,179,10391311361299390019,0,994042,954333,795542,all,6912333,4038833,4038833,994042,129583,954333,795542
radix,fdece4e,random,20260922,16384,16384,4,0,0.00163154,16384,NA,NA,NA,9355264,3138408,191,10391311361299390019,0,913708,977167,901250,all,4557167,1631542,1631542,913708,133500,977167,901250
vector,fdece4e,random,20260922,16384,16384,4,0,0.00275829,16384,NA,NA,NA,7536640,700351,42,10391311361299390019,0,4282750,4150458,848375,all,12039916,2758292,2758292,4282750,41,4150458,848375
skiplist,fdece4e,random,20260922,16384,16384,4,0,0.00556221,16384,NA,NA,NA,7028736,1018768,62,10391311361299390019,0,1491333,826792,839500,all,8719834,5562209,5562209,1491333,0,826792,839500
vector,fdece4e,random,20260922,16384,16384,4,0,0.00133196,16384,NA,NA,NA,7634944,700208,42,10391311361299390019,0,3677917,3577833,788917,all,9376625,1331958,1331958,3677917,0,3577833,788917
skiplist,fdece4e,random,20260922,16384,16384,4,0,0.00249154,16384,NA,NA,NA,7159808,1014256,61,10391311361299390019,0,1107584,1082833,879000,all,5560958,2491541,2491541,1107584,0,1082833,879000
radix,fdece4e,random,20260922,16384,16384,4,0,0.00342108,16384,NA,NA,NA,9371648,3134992,191,10391311361299390019,0,1705625,2011583,886208,all,8298916,3421084,3421084,1705625,274416,2011583,886208
radix,fdece4e,random,20260922,16384,16384,4,0,0.00169846,16384,NA,NA,NA,9322496,3140640,191,10391311361299390019,0,1002791,864125,771459,all,4423959,1698459,1698459,1002791,87125,864125,771459
vector,fdece4e,random,20260922,16384,16384,4,0,0.000953083,16384,NA,NA,NA,7503872,700351,42,10391311361299390019,0,3672875,3535333,785500,all,8946916,953083,953083,3672875,125,3535333,785500
skiplist,fdece4e,random,20260922,16384,16384,4,0,0.00202504,16384,NA,NA,NA,7192576,1022048,62,10391311361299390019,0,794500,771583,870750,all,4461875,2025042,2025042,794500,0,771583,870750
vector,fdece4e,random,20260922,16384,16384,4,0,0.00127904,16384,NA,NA,NA,7520256,700311,42,10391311361299390019,0,4051292,3754000,820375,all,9904833,1279041,1279041,4051292,125,3754000,820375
skiplist,fdece4e,random,20260922,16384,16384,4,0,0.00486933,16384,NA,NA,NA,6979584,1012272,61,10391311361299390019,0,1099708,889333,834917,all,7693334,4869334,4869334,1099708,42,889333,834917
radix,fdece4e,random,20260922,16384,16384,4,0,0.00166783,16384,NA,NA,NA,9256960,3135616,191,10391311361299390019,0,849166,951667,817542,all,4366959,1667834,1667834,849166,80750,951667,817542
radix,fdece4e,random,20260922,16384,16384,4,0,0.00184637,16384,NA,NA,NA,9338880,3142816,191,10391311361299390019,0,881875,867833,772875,all,4449541,1846375,1846375,881875,80583,867833,772875
vector,fdece4e,random,20260922,16384,16384,4,0,0.000950208,16384,NA,NA,NA,7487488,700351,42,10391311361299390019,0,3594833,3635959,800291,all,8981291,950208,950208,3594833,0,3635959,800291
skiplist,fdece4e,random,20260922,16384,16384,4,0,0.00428625,16384,NA,NA,NA,7176192,1015008,61,10391311361299390019,0,1550292,1155250,842458,all,7834292,4286250,4286250,1550292,42,1155250,842458
radix,fdece4e,random,20260922,16384,16384,8,0,0.00247987,16384,NA,NA,NA,9551872,3151008,192,10391311361299390019,0,1158625,956750,814750,all,5552458,2479875,2479875,1158625,142458,956750,814750
vector,fdece4e,random,20260922,16384,16384,8,0,0.00131163,16384,NA,NA,NA,7602176,700291,42,10391311361299390019,0,3655083,3570209,777083,all,9314000,1311625,1311625,3655083,0,3570209,777083
skiplist,fdece4e,random,20260922,16384,16384,8,0,0.00239825,16384,NA,NA,NA,7340032,1022856,62,10391311361299390019,0,793583,787458,788584,all,4767875,2398250,2398250,793583,0,787458,788584
vector,fdece4e,random,20260922,16384,16384,8,0,0.00119783,16384,NA,NA,NA,7618560,700291,42,10391311361299390019,0,3785125,3651584,772958,all,9407583,1197833,1197833,3785125,83,3651584,772958
skiplist,fdece4e,random,20260922,16384,16384,8,0,0.00257954,16384,NA,NA,NA,7323648,1021376,62,10391311361299390019,0,813083,801792,788792,all,4983209,2579542,2579542,813083,0,801792,788792
radix,fdece4e,random,20260922,16384,16384,8,0,0.002549,16384,NA,NA,NA,9469952,3153872,192,10391311361299390019,0,1459750,1158459,1533583,all,6878250,2549000,2549000,1459750,177458,1158459,1533583
radix,fdece4e,random,20260922,16384,16384,8,0,0.00259229,16384,NA,NA,NA,9469952,3152360,192,10391311361299390019,0,993250,908459,963958,all,5541125,2592291,2592291,993250,83167,908459,963958
vector,fdece4e,random,20260922,16384,16384,8,0,0.00129592,16384,NA,NA,NA,7667712,700291,42,10391311361299390019,0,3779500,3614083,788875,all,9478458,1295917,1295917,3779500,83,3614083,788875
skiplist,fdece4e,random,20260922,16384,16384,8,0,0.00234971,16384,NA,NA,NA,7323648,1023144,62,10391311361299390019,0,812834,796458,790875,all,4749875,2349708,2349708,812834,0,796458,790875
vector,fdece4e,random,20260922,16384,16384,8,0,0.00172825,16384,NA,NA,NA,7569408,700291,42,10391311361299390019,0,5416750,3697875,790417,all,11633709,1728250,1728250,5416750,417,3697875,790417
skiplist,fdece4e,random,20260922,16384,16384,8,0,0.0057325,16384,NA,NA,NA,7143424,1020120,62,10391311361299390019,0,892458,771917,786125,all,8183042,5732500,5732500,892458,42,771917,786125
radix,fdece4e,random,20260922,16384,16384,8,0,0.00285996,16384,NA,NA,NA,9469952,3146864,192,10391311361299390019,0,1029375,2406167,2587958,all,8977000,2859958,2859958,1029375,93542,2406167,2587958
radix,fdece4e,random,20260922,16384,16384,8,0,0.00249183,16384,NA,NA,NA,9519104,3144432,191,10391311361299390019,0,1111583,863834,797833,all,5353000,2491833,2491833,1111583,87917,863834,797833
vector,fdece4e,random,20260922,16384,16384,8,0,0.00115279,16384,NA,NA,NA,7651328,700271,42,10391311361299390019,0,3647750,3675875,829333,all,9305875,1152792,1152792,3647750,125,3675875,829333
skiplist,fdece4e,random,20260922,16384,16384,8,0,0.00234804,16384,NA,NA,NA,7290880,1017576,62,10391311361299390019,0,785375,811458,930292,all,4875208,2348042,2348042,785375,41,811458,930292
vector,fdece4e,versions,20260922,16384,16384,1,0,0.00188583,16384,NA,NA,NA,6979584,679171,41,4006942161777933379,0,3666375,3630583,961125,all,10144041,1885833,1885833,3666375,125,3630583,961125
skiplist,fdece4e,versions,20260922,16384,16384,1,0,0.00892404,16384,NA,NA,NA,6815744,969072,59,4006942161777933379,0,838125,775208,804625,all,11342042,8924042,8924042,838125,42,775208,804625
radix,fdece4e,versions,20260922,16384,16384,1,0,0.00449917,16384,NA,NA,NA,8536064,2664784,162,4006942161777933379,0,1548416,1446917,1017250,all,8778292,4499167,4499167,1548416,266542,1446917,1017250
radix,fdece4e,versions,20260922,16384,16384,1,0,0.00476325,16384,NA,NA,NA,8486912,2664784,162,4006942161777933379,0,1193583,981125,869292,all,7921958,4763250,4763250,1193583,114708,981125,869292
vector,fdece4e,versions,20260922,16384,16384,1,0,0.00191858,16384,NA,NA,NA,7012352,679171,41,4006942161777933379,0,3503667,3408458,803500,all,9634666,1918583,1918583,3503667,458,3408458,803500
skiplist,fdece4e,versions,20260922,16384,16384,1,0,0.00626671,16384,NA,NA,NA,6799360,969184,59,4006942161777933379,0,900250,884791,884625,all,8936375,6266709,6266709,900250,0,884791,884625
vector,fdece4e,versions,20260922,16384,16384,1,0,0.00183333,16384,NA,NA,NA,7012352,679171,41,4006942161777933379,0,3569791,3438709,795541,all,9637417,1833334,1833334,3569791,42,3438709,795541
skiplist,fdece4e,versions,20260922,16384,16384,1,0,0.00578767,16384,NA,NA,NA,6848512,969176,59,4006942161777933379,0,793959,772958,912000,all,8266583,5787666,5787666,793959,0,772958,912000
radix,fdece4e,versions,20260922,16384,16384,1,0,0.00442804,16384,NA,NA,NA,8519680,2664784,162,4006942161777933379,0,987417,995625,929792,all,7468458,4428041,4428041,987417,127583,995625,929792
radix,fdece4e,versions,20260922,16384,16384,1,0,0.00452671,16384,NA,NA,NA,8503296,2664784,162,4006942161777933379,0,952041,1005542,822708,all,7476250,4526709,4526709,952041,169250,1005542,822708
vector,fdece4e,versions,20260922,16384,16384,1,0,0.00179971,16384,NA,NA,NA,6979584,679171,41,4006942161777933379,0,3570042,3440167,782333,all,9592250,1799708,1799708,3570042,0,3440167,782333
skiplist,fdece4e,versions,20260922,16384,16384,1,0,0.00589963,16384,NA,NA,NA,6815744,970000,59,4006942161777933379,0,2525334,1166458,825125,all,10416584,5899625,5899625,2525334,42,1166458,825125
vector,fdece4e,versions,20260922,16384,16384,1,0,0.00190062,16384,NA,NA,NA,7028736,679171,41,4006942161777933379,0,3692375,3967042,815708,all,10375792,1900625,1900625,3692375,42,3967042,815708
skiplist,fdece4e,versions,20260922,16384,16384,1,0,0.00559992,16384,NA,NA,NA,6815744,969152,59,4006942161777933379,0,884084,1082625,881333,all,8447958,5599916,5599916,884084,0,1082625,881333
radix,fdece4e,versions,20260922,16384,16384,1,0,0.00466792,16384,NA,NA,NA,8503296,2664784,162,4006942161777933379,0,1365791,1331459,882458,all,8507542,4667917,4667917,1365791,259917,1331459,882458
radix,fdece4e,versions,20260922,16384,16384,4,0,0.00185229,16384,NA,NA,NA,8929280,2809280,171,4006942161777933379,0,913000,902833,806375,all,4591708,1852292,1852292,913000,117208,902833,806375
vector,fdece4e,versions,20260922,16384,16384,4,0,0.00092075,16384,NA,NA,NA,7520256,700351,42,4006942161777933379,0,3596667,3603291,770792,all,8891542,920750,920750,3596667,42,3603291,770792
skiplist,fdece4e,versions,20260922,16384,16384,4,0,0.00196854,16384,NA,NA,NA,7258112,1016952,62,4006942161777933379,0,796292,812750,792833,all,4370417,1968542,1968542,796292,0,812750,792833
vector,fdece4e,versions,20260922,16384,16384,4,0,0.000913625,16384,NA,NA,NA,7503872,700331,42,4006942161777933379,0,3657292,3689000,814291,all,9074208,913625,913625,3657292,0,3689000,814291
skiplist,fdece4e,versions,20260922,16384,16384,4,0,0.00415808,16384,NA,NA,NA,6946816,1007936,61,4006942161777933379,0,1045833,832125,1176917,all,7212959,4158084,4158084,1045833,0,832125,1176917
radix,fdece4e,versions,20260922,16384,16384,4,0,0.00181404,16384,NA,NA,NA,8929280,2803480,171,4006942161777933379,0,954833,953750,864334,all,4693126,1814042,1814042,954833,106167,953750,864334
radix,fdece4e,versions,20260922,16384,16384,4,0,0.00194775,16384,NA,NA,NA,8978432,2808040,171,4006942161777933379,0,898417,1017291,792584,all,4803167,1947750,1947750,898417,147125,1017291,792584
vector,fdece4e,versions,20260922,16384,16384,4,0,0.000944833,16384,NA,NA,NA,7503872,700311,42,4006942161777933379,0,3589667,3888333,851500,all,9274458,944833,944833,3589667,125,3888333,851500
skiplist,fdece4e,versions,20260922,16384,16384,4,0,0.00213871,16384,NA,NA,NA,7143424,1016616,62,4006942161777933379,0,904625,808750,790292,all,4642375,2138708,2138708,904625,0,808750,790292
vector,fdece4e,versions,20260922,16384,16384,4,0,0.00144154,16384,NA,NA,NA,7634944,700311,42,4006942161777933379,0,5377250,3683833,854333,all,11356999,1441542,1441542,5377250,41,3683833,854333
skiplist,fdece4e,versions,20260922,16384,16384,4,0,0.00387738,16384,NA,NA,NA,7192576,1015184,61,4006942161777933379,0,1919667,867625,883500,all,7548208,3877375,3877375,1919667,41,867625,883500
radix,fdece4e,versions,20260922,16384,16384,4,0,0.00188363,16384,NA,NA,NA,8994816,2821680,172,4006942161777933379,0,890542,1394583,1403500,all,5671708,1883625,1883625,890542,99458,1394583,1403500
radix,fdece4e,versions,20260922,16384,16384,4,0,0.00192667,16384,NA,NA,NA,8962048,2810560,171,4006942161777933379,0,1086167,915375,795791,all,4842292,1926667,1926667,1086167,118292,915375,795791
vector,fdece4e,versions,20260922,16384,16384,4,0,0.00378,16384,NA,NA,NA,7503872,700331,42,4006942161777933379,0,4077875,3630958,770834,all,12259750,3780000,3780000,4077875,83,3630958,770834
skiplist,fdece4e,versions,20260922,16384,16384,4,0,0.00244271,16384,NA,NA,NA,7143424,1014992,61,4006942161777933379,0,802417,808625,771708,all,4825458,2442708,2442708,802417,0,808625,771708
radix,fdece4e,versions,20260922,16384,16384,8,0,0.00255621,16384,NA,NA,NA,9109504,2797720,170,4006942161777933379,0,896416,878625,794250,all,5230459,2556209,2556209,896416,104959,878625,794250
vector,fdece4e,versions,20260922,16384,16384,8,0,0.00145704,16384,NA,NA,NA,7634944,700209,42,4006942161777933379,0,4037167,3651416,920500,all,10066250,1457042,1457042,4037167,125,3651416,920500
skiplist,fdece4e,versions,20260922,16384,16384,8,0,0.00227308,16384,NA,NA,NA,7389184,1023264,62,4006942161777933379,0,855583,796292,808250,all,4733209,2273084,2273084,855583,0,796292,808250
vector,fdece4e,versions,20260922,16384,16384,8,0,0.00115583,16384,NA,NA,NA,7684096,700291,42,4006942161777933379,0,3564625,3541500,792042,all,9054042,1155833,1155833,3564625,42,3541500,792042
skiplist,fdece4e,versions,20260922,16384,16384,8,0,0.00215996,16384,NA,NA,NA,7405568,1018576,62,4006942161777933379,0,822208,783875,773125,all,4539208,2159958,2159958,822208,42,783875,773125
radix,fdece4e,versions,20260922,16384,16384,8,0,0.00293883,16384,NA,NA,NA,9191424,2797936,170,4006942161777933379,0,2531917,1908250,841208,all,8479167,2938833,2938833,2531917,258959,1908250,841208
radix,fdece4e,versions,20260922,16384,16384,8,0,0.00316188,16384,NA,NA,NA,9125888,2803176,171,4006942161777933379,0,2016000,971292,859375,all,7127167,3161875,3161875,2016000,118625,971292,859375
vector,fdece4e,versions,20260922,16384,16384,8,0,0.00123862,16384,NA,NA,NA,7487488,700311,42,4006942161777933379,0,3890583,4009625,823875,all,9962750,1238625,1238625,3890583,42,4009625,823875
skiplist,fdece4e,versions,20260922,16384,16384,8,0,0.0020195,16384,NA,NA,NA,7323648,1019216,62,4006942161777933379,0,853792,844000,1027958,all,4745250,2019500,2019500,853792,0,844000,1027958
vector,fdece4e,versions,20260922,16384,16384,8,0,0.00156029,16384,NA,NA,NA,7520256,700230,42,4006942161777933379,0,4036209,3881583,813750,all,10292000,1560291,1560291,4036209,167,3881583,813750
skiplist,fdece4e,versions,20260922,16384,16384,8,0,0.0021875,16384,NA,NA,NA,7323648,1020256,62,4006942161777933379,0,863834,787625,774750,all,4613709,2187500,2187500,863834,0,787625,774750
radix,fdece4e,versions,20260922,16384,16384,8,0,0.00446088,16384,NA,NA,NA,9011200,2792696,170,4006942161777933379,0,1753500,1469916,877334,all,8859667,4460875,4460875,1753500,298042,1469916,877334
radix,fdece4e,versions,20260922,16384,16384,8,0,0.00281975,16384,NA,NA,NA,9076736,2805480,171,4006942161777933379,0,2733166,1217875,835000,all,7868624,2819750,2819750,2733166,262833,1217875,835000
vector,fdece4e,versions,20260922,16384,16384,8,0,0.00156442,16384,NA,NA,NA,7585792,700250,42,4006942161777933379,0,3971167,3695542,1217000,all,10448125,1564416,1564416,3971167,0,3695542,1217000
skiplist,fdece4e,versions,20260922,16384,16384,8,0,0.00281975,16384,NA,NA,NA,7274496,1019696,62,4006942161777933379,0,1125334,1569208,829042,all,6343375,2819750,2819750,1125334,41,1569208,829042
vector,fdece4e,ascending,20260922,131072,131072,1,0,0.0139012,131072,NA,NA,NA,15466496,5433534,41,454339457082336225,0,9469958,8382042,6460000,all,38213374,13901208,13901208,9469958,166,8382042,6460000
skiplist,fdece4e,ascending,20260922,131072,131072,1,0,0.0553573,131072,NA,NA,NA,14581760,7755424,59,454339457082336225,0,6676458,6775167,6279875,all,75088876,55357334,55357334,6676458,42,6775167,6279875
radix,fdece4e,ascending,20260922,131072,131072,1,0,0.0308177,131072,NA,NA,NA,30195712,23286736,177,454339457082336225,0,6519459,7220083,6792250,all,52190792,30817708,30817708,6519459,841292,7220083,6792250
radix,fdece4e,ascending,20260922,131072,131072,1,0,0.0312141,131072,NA,NA,NA,30130176,23286736,177,454339457082336225,0,6459917,7591958,6979667,all,53286209,31214125,31214125,6459917,1040542,7591958,6979667
vector,fdece4e,ascending,20260922,131072,131072,1,0,0.0149393,131072,NA,NA,NA,15466496,5433534,41,454339457082336225,0,8281167,8279833,6587708,all,38088166,14939333,14939333,8281167,125,8279833,6587708
skiplist,fdece4e,ascending,20260922,131072,131072,1,0,0.0534333,131072,NA,NA,NA,14565376,7751544,59,454339457082336225,0,6705375,6405083,6477375,all,73021167,53433292,53433292,6705375,42,6405083,6477375
vector,fdece4e,ascending,20260922,131072,131072,1,0,0.0140957,131072,NA,NA,NA,16482304,5433534,41,454339457082336225,0,9501167,8242833,6390084,all,38229791,14095666,14095666,9501167,41,8242833,6390084
skiplist,fdece4e,ascending,20260922,131072,131072,1,0,0.0540634,131072,NA,NA,NA,14598144,7755088,59,454339457082336225,0,7311542,6473292,6499875,all,74348167,54063416,54063416,7311542,42,6473292,6499875
radix,fdece4e,ascending,20260922,131072,131072,1,0,0.0326382,131072,NA,NA,NA,30179328,23286736,177,454339457082336225,0,6964792,7048166,6458459,all,53887041,32638208,32638208,6964792,777416,7048166,6458459
radix,fdece4e,ascending,20260922,131072,131072,1,0,0.0312118,131072,NA,NA,NA,30162944,23286736,177,454339457082336225,0,6472500,7938875,6676041,all,53590417,31211834,31211834,6472500,1291167,7938875,6676041
vector,fdece4e,ascending,20260922,131072,131072,1,0,0.0160576,131072,NA,NA,NA,15450112,5433534,41,454339457082336225,0,8326834,8096458,6564125,all,39045042,16057625,16057625,8326834,0,8096458,6564125
skiplist,fdece4e,ascending,20260922,131072,131072,1,0,0.0559705,131072,NA,NA,NA,14581760,7756040,59,454339457082336225,0,6751541,6337875,6414417,all,75474292,55970459,55970459,6751541,0,6337875,6414417
vector,fdece4e,ascending,20260922,131072,131072,1,0,0.013988,131072,NA,NA,NA,16515072,5433534,41,454339457082336225,0,10237542,8099083,6509750,all,38834375,13988000,13988000,10237542,0,8099083,6509750
skiplist,fdece4e,ascending,20260922,131072,131072,1,0,0.0593137,131072,NA,NA,NA,14581760,7750832,59,454339457082336225,0,6562916,6347542,6444792,all,78669001,59313709,59313709,6562916,42,6347542,6444792
radix,fdece4e,ascending,20260922,131072,131072,1,0,0.0313073,131072,NA,NA,NA,30179328,23286736,177,454339457082336225,0,6514375,7328500,6605583,all,52451208,31307292,31307292,6514375,695458,7328500,6605583
radix,fdece4e,ascending,20260922,131072,131072,4,0,0.0202772,131072,NA,NA,NA,33570816,26280784,200,454339457082336225,0,7806375,8494875,7583583,all,45672916,20277208,20277208,7806375,1510875,8494875,7583583
vector,fdece4e,ascending,20260922,131072,131072,4,0,0.00860279,131072,NA,NA,NA,16384000,5603231,42,454339457082336225,0,43202709,40373708,6361500,all,98540958,8602791,8602791,43202709,250,40373708,6361500
skiplist,fdece4e,ascending,20260922,131072,131072,4,0,0.0219125,131072,NA,NA,NA,15335424,8122376,61,454339457082336225,0,6957292,6403542,6446416,all,41719791,21912541,21912541,6957292,0,6403542,6446416
vector,fdece4e,ascending,20260922,131072,131072,4,0,0.00598483,131072,NA,NA,NA,15515648,5603259,42,454339457082336225,0,43333375,40513292,6829708,all,96661250,5984833,5984833,43333375,42,40513292,6829708
skiplist,fdece4e,ascending,20260922,131072,131072,4,0,0.0236994,131072,NA,NA,NA,15368192,8114576,61,454339457082336225,0,6994166,6997625,6720584,all,44411792,23699375,23699375,6994166,42,6997625,6720584
radix,fdece4e,ascending,20260922,131072,131072,4,0,0.0222902,131072,NA,NA,NA,32489472,25170576,192,454339457082336225,0,7892167,10834875,7791667,all,51093458,22290208,22290208,7892167,2284541,10834875,7791667
radix,fdece4e,ascending,20260922,131072,131072,4,0,0.021638,131072,NA,NA,NA,32260096,25066856,191,454339457082336225,0,8264208,11151292,8574417,all,51122792,21638042,21638042,8264208,1494833,11151292,8574417
vector,fdece4e,ascending,20260922,131072,131072,4,0,0.0102171,131072,NA,NA,NA,16875520,5603231,42,454339457082336225,0,38553208,39203792,6828041,all,94802166,10217125,10217125,38553208,0,39203792,6828041
skiplist,fdece4e,ascending,20260922,131072,131072,4,0,0.0241917,131072,NA,NA,NA,15237120,8122432,61,454339457082336225,0,6653792,6641583,6810959,all,44298042,24191708,24191708,6653792,0,6641583,6810959
vector,fdece4e,ascending,20260922,131072,131072,4,0,0.00635992,131072,NA,NA,NA,16334848,5603231,42,454339457082336225,0,44072375,42263250,6832375,all,99528041,6359916,6359916,44072375,125,42263250,6832375
skiplist,fdece4e,ascending,20260922,131072,131072,4,0,0.0202866,131072,NA,NA,NA,15351808,8119760,61,454339457082336225,0,6567292,6782208,6996917,all,40633000,20286583,20286583,6567292,0,6782208,6996917
radix,fdece4e,ascending,20260922,131072,131072,4,0,0.0211954,131072,NA,NA,NA,32866304,25523896,194,454339457082336225,0,8309083,11395459,7546333,all,50683292,21195417,21195417,8309083,2237000,11395459,7546333
radix,fdece4e,ascending,20260922,131072,131072,4,0,0.0154733,131072,NA,NA,NA,34045952,26684152,203,454339457082336225,0,7220541,9071334,7174541,all,41110542,15473292,15473292,7220541,2170834,9071334,7174541
vector,fdece4e,ascending,20260922,131072,131072,4,0,0.00731267,131072,NA,NA,NA,15908864,5603231,42,454339457082336225,0,40088500,38979291,6399542,all,92780000,7312667,7312667,40088500,0,38979291,6399542
skiplist,fdece4e,ascending,20260922,131072,131072,4,0,0.0176573,131072,NA,NA,NA,15400960,8122744,61,454339457082336225,0,6767167,8430541,6533750,all,39388792,17657292,17657292,6767167,42,8430541,6533750
radix,fdece4e,ascending,20260922,131072,131072,8,0,0.0191892,131072,NA,NA,NA,32751616,25418672,193,454339457082336225,0,9411208,10513500,7428542,all,49380667,19189209,19189209,9411208,2838208,10513500,7428542
vector,fdece4e,ascending,20260922,131072,131072,8,0,0.00771087,131072,NA,NA,NA,16596992,5603239,42,454339457082336225,0,34905917,37810167,6736916,all,87163917,7710875,7710875,34905917,42,37810167,6736916
skiplist,fdece4e,ascending,20260922,131072,131072,8,0,0.0177043,131072,NA,NA,NA,15368192,8154672,62,454339457082336225,0,8281917,6358000,6837875,all,39182084,17704250,17704250,8281917,42,6358000,6837875
vector,fdece4e,ascending,20260922,131072,131072,8,0,0.00710787,131072,NA,NA,NA,16580608,5603076,42,454339457082336225,0,35199125,34120459,6453125,all,82880626,7107875,7107875,35199125,42,34120459,6453125
skiplist,fdece4e,ascending,20260922,131072,131072,8,0,0.0298523,131072,NA,NA,NA,15515648,8175184,62,454339457082336225,0,6304250,6689792,6788792,all,49635208,29852333,29852333,6304250,41,6689792,6788792
radix,fdece4e,ascending,20260922,131072,131072,8,0,0.02241,131072,NA,NA,NA,33112064,25727536,196,454339457082336225,0,9885833,12071084,8673250,all,56061000,22410000,22410000,9885833,3020833,12071084,8673250
radix,fdece4e,ascending,20260922,131072,131072,8,0,0.0214351,131072,NA,NA,NA,32653312,25318664,193,454339457082336225,0,7922625,12215500,8652167,all,53404166,21435083,21435083,7922625,3178791,12215500,8652167
vector,fdece4e,ascending,20260922,131072,131072,8,0,0.00864279,131072,NA,NA,NA,16596992,5603219,42,454339457082336225,0,36358541,34896209,6455750,all,86353334,8642792,8642792,36358541,42,34896209,6455750
skiplist,fdece4e,ascending,20260922,131072,131072,8,0,0.0169141,131072,NA,NA,NA,15482880,8171552,62,454339457082336225,0,7230208,8012167,6935333,all,39091875,16914125,16914125,7230208,42,8012167,6935333
vector,fdece4e,ascending,20260922,131072,131072,8,0,0.00808104,131072,NA,NA,NA,16760832,5603219,42,454339457082336225,0,36072500,36163209,6395250,all,86712084,8081041,8081041,36072500,84,36163209,6395250
skiplist,fdece4e,ascending,20260922,131072,131072,8,0,0.018991,131072,NA,NA,NA,15450112,8168856,62,454339457082336225,0,8442625,6532458,6472084,all,40438167,18991000,18991000,8442625,0,6532458,6472084
radix,fdece4e,ascending,20260922,131072,131072,8,0,0.0230963,131072,NA,NA,NA,32751616,25369488,193,454339457082336225,0,8382959,10925875,9086666,all,53460541,23096291,23096291,8382959,1968750,10925875,9086666
radix,fdece4e,ascending,20260922,131072,131072,8,0,0.0224722,131072,NA,NA,NA,32571392,25309792,193,454339457082336225,0,8207917,13166542,8168458,all,55738333,22472208,22472208,8207917,3723208,13166542,8168458
vector,fdece4e,ascending,20260922,131072,131072,8,0,0.0106516,131072,NA,NA,NA,17170432,5603219,42,454339457082336225,0,34363708,35509209,6363708,all,86888459,10651625,10651625,34363708,209,35509209,6363708
skiplist,fdece4e,ascending,20260922,131072,131072,8,0,0.0215866,131072,NA,NA,NA,15450112,8149408,62,454339457082336225,0,6953250,6819125,6603834,all,41962833,21586583,21586583,6953250,41,6819125,6603834
vector,fdece4e,random,20260922,131072,131072,1,0,0.015693,131072,NA,NA,NA,16498688,5433534,41,454339457082336225,0,42142875,41393667,8277167,all,107506751,15693000,15693000,42142875,42,41393667,8277167
skiplist,fdece4e,random,20260922,131072,131072,1,0,0.0656912,131072,NA,NA,NA,14581760,7750464,59,454339457082336225,0,10994750,11083750,7837708,all,95607417,65691209,65691209,10994750,0,11083750,7837708
radix,fdece4e,random,20260922,131072,131072,1,0,0.0520419,131072,NA,NA,NA,30392320,23521912,179,454339457082336225,0,13739458,23406292,11648166,all,103285166,52041875,52041875,13739458,2449375,23406292,11648166
radix,fdece4e,random,20260922,131072,131072,1,0,0.0499019,131072,NA,NA,NA,30392320,23521912,179,454339457082336225,0,15585000,15365000,14343333,all,99562541,49901875,49901875,15585000,4367333,15365000,14343333
vector,fdece4e,random,20260922,131072,131072,1,0,0.0148302,131072,NA,NA,NA,15482880,5433534,41,454339457082336225,0,39630750,39937667,6399333,all,100797958,14830166,14830166,39630750,42,39937667,6399333
skiplist,fdece4e,random,20260922,131072,131072,1,0,0.0699186,131072,NA,NA,NA,14598144,7753960,59,454339457082336225,0,10214375,9106209,7111958,all,96351167,69918625,69918625,10214375,0,9106209,7111958
vector,fdece4e,random,20260922,131072,131072,1,0,0.0141528,131072,NA,NA,NA,15466496,5433534,41,454339457082336225,0,38906958,36855292,7570958,all,97486083,14152833,14152833,38906958,42,36855292,7570958
skiplist,fdece4e,random,20260922,131072,131072,1,0,0.0684175,131072,NA,NA,NA,14581760,7752112,59,454339457082336225,0,12103208,7908959,6729208,all,95158875,68417500,68417500,12103208,0,7908959,6729208
radix,fdece4e,random,20260922,131072,131072,1,0,0.0494112,131072,NA,NA,NA,30408704,23521912,179,454339457082336225,0,19463292,18355583,12885958,all,102717166,49411250,49411250,19463292,2601083,18355583,12885958
radix,fdece4e,random,20260922,131072,131072,1,0,0.0499511,131072,NA,NA,NA,30392320,23521912,179,454339457082336225,0,11108583,20833584,12175500,all,98003375,49951083,49951083,11108583,3934625,20833584,12175500
vector,fdece4e,random,20260922,131072,131072,1,0,0.0142344,131072,NA,NA,NA,15466496,5433534,41,454339457082336225,0,40498375,39226000,6341708,all,100300499,14234375,14234375,40498375,41,39226000,6341708
skiplist,fdece4e,random,20260922,131072,131072,1,0,0.0657734,131072,NA,NA,NA,14581760,7751912,59,454339457082336225,0,9064292,6570042,6982250,all,88390042,65773416,65773416,9064292,42,6570042,6982250
vector,fdece4e,random,20260922,131072,131072,1,0,0.01386,131072,NA,NA,NA,15433728,5433534,41,454339457082336225,0,42158542,38934333,6572709,all,101525584,13860000,13860000,42158542,0,38934333,6572709
skiplist,fdece4e,random,20260922,131072,131072,1,0,0.0678262,131072,NA,NA,NA,14598144,7752352,59,454339457082336225,0,7112291,6651959,7381166,all,88971625,67826209,67826209,7112291,0,6651959,7381166
radix,fdece4e,random,20260922,131072,131072,1,0,0.0550026,131072,NA,NA,NA,30408704,23521912,179,454339457082336225,0,10203875,19568958,11221667,all,99972458,55002583,55002583,10203875,3975375,19568958,11221667
radix,fdece4e,random,20260922,131072,131072,4,0,0.0174251,131072,NA,NA,NA,32456704,25158864,191,454339457082336225,0,14121458,13371208,15478875,all,63021375,17425125,17425125,14121458,2624709,13371208,15478875
vector,fdece4e,random,20260922,131072,131072,4,0,0.00719129,131072,NA,NA,NA,15613952,5603259,42,454339457082336225,0,42987958,38361875,6591000,all,95132333,7191292,7191292,42987958,208,38361875,6591000
skiplist,fdece4e,random,20260922,131072,131072,4,0,0.0204578,131072,NA,NA,NA,15400960,8128560,62,454339457082336225,0,12489167,6920875,6762000,all,46629875,20457791,20457791,12489167,42,6920875,6762000
vector,fdece4e,random,20260922,131072,131072,4,0,0.00600383,131072,NA,NA,NA,15597568,5603231,42,454339457082336225,0,42639042,43804750,6750792,all,99198417,6003833,6003833,42639042,0,43804750,6750792
skiplist,fdece4e,random,20260922,131072,131072,4,0,0.0226243,131072,NA,NA,NA,15220736,8094712,61,454339457082336225,0,14000875,8426750,7129333,all,52181292,22624334,22624334,14000875,0,8426750,7129333
radix,fdece4e,random,20260922,131072,131072,4,0,0.0189957,131072,NA,NA,NA,32391168,25102872,191,454339457082336225,0,14169417,15629500,18187541,all,70282792,18995750,18995750,14169417,3300584,15629500,18187541
radix,fdece4e,random,20260922,131072,131072,4,0,0.0149022,131072,NA,NA,NA,32407552,25122256,191,454339457082336225,0,14727041,18563042,17721583,all,71713958,14902167,14902167,14727041,5800125,18563042,17721583
vector,fdece4e,random,20260922,131072,131072,4,0,0.011912,131072,NA,NA,NA,15679488,5603231,42,454339457082336225,0,42152125,39040500,6519375,all,99624000,11911958,11911958,42152125,42,39040500,6519375
skiplist,fdece4e,random,20260922,131072,131072,4,0,0.0285627,131072,NA,NA,NA,15269888,8101560,61,454339457082336225,0,7372916,6460917,10700375,all,53096917,28562709,28562709,7372916,0,6460917,10700375
vector,fdece4e,random,20260922,131072,131072,4,0,0.00615042,131072,NA,NA,NA,16236544,5603259,42,454339457082336225,0,42416000,39419000,6406291,all,94391708,6150417,6150417,42416000,0,39419000,6406291
skiplist,fdece4e,random,20260922,131072,131072,4,0,0.0249123,131072,NA,NA,NA,15417344,8174032,62,454339457082336225,0,7720542,6681833,6686292,all,46001000,24912333,24912333,7720542,0,6681833,6686292
radix,fdece4e,random,20260922,131072,131072,4,0,0.0153192,131072,NA,NA,NA,32423936,25095160,191,454339457082336225,0,16760709,15131666,16808375,all,67133458,15319208,15319208,16760709,3113500,15131666,16808375
radix,fdece4e,random,20260922,131072,131072,4,0,0.0147123,131072,NA,NA,NA,32407552,25101912,191,454339457082336225,0,12608625,19272125,11098250,all,62702416,14712291,14712291,12608625,5011125,19272125,11098250
vector,fdece4e,random,20260922,131072,131072,4,0,0.00599233,131072,NA,NA,NA,15564800,5603259,42,454339457082336225,0,40504791,38902750,7737167,all,93137083,5992334,5992334,40504791,41,38902750,7737167
skiplist,fdece4e,random,20260922,131072,131072,4,0,0.02665,131072,NA,NA,NA,15368192,8121488,61,454339457082336225,0,12372583,9874500,6912542,all,55809625,26650000,26650000,12372583,0,9874500,6912542
radix,fdece4e,random,20260922,131072,131072,8,0,0.0226732,131072,NA,NA,NA,32456704,25163848,191,454339457082336225,0,14774125,15566667,15603500,all,70768708,22673208,22673208,14774125,2151208,15566667,15603500
vector,fdece4e,random,20260922,131072,131072,8,0,0.00703946,131072,NA,NA,NA,16678912,5603179,42,454339457082336225,0,40806458,40137417,7202083,all,95185542,7039459,7039459,40806458,125,40137417,7202083
skiplist,fdece4e,random,20260922,131072,131072,8,0,0.0287591,131072,NA,NA,NA,15450112,8173744,62,454339457082336225,0,7306000,6576583,10779084,all,53420792,28759125,28759125,7306000,0,6576583,10779084
vector,fdece4e,random,20260922,131072,131072,8,0,0.0124021,131072,NA,NA,NA,16416768,5603199,42,454339457082336225,0,41068666,38105292,6341083,all,97917291,12402125,12402125,41068666,125,38105292,6341083
skiplist,fdece4e,random,20260922,131072,131072,8,0,0.0262086,131072,NA,NA,NA,15499264,8176704,62,454339457082336225,0,6779833,11096542,8965875,all,53050875,26208625,26208625,6779833,0,11096542,8965875
radix,fdece4e,random,20260922,131072,131072,8,0,0.0269464,131072,NA,NA,NA,32538624,25134824,191,454339457082336225,0,15839708,17238042,13734417,all,78140043,26946417,26946417,15839708,4381459,17238042,13734417
radix,fdece4e,random,20260922,131072,131072,8,0,0.026387,131072,NA,NA,NA,32522240,25154720,191,454339457082336225,0,15053583,18047458,13410084,all,76011000,26387000,26387000,15053583,3112875,18047458,13410084
vector,fdece4e,random,20260922,131072,131072,8,0,0.00808754,131072,NA,NA,NA,16662528,5603219,42,454339457082336225,0,41162375,42231042,6585083,all,98066167,8087542,8087542,41162375,125,42231042,6585083
skiplist,fdece4e,random,20260922,131072,131072,8,0,0.017316,131072,NA,NA,NA,15499264,8150792,62,454339457082336225,0,12493958,8897167,6524625,all,45231792,17316000,17316000,12493958,42,8897167,6524625
vector,fdece4e,random,20260922,131072,131072,8,0,0.00843117,131072,NA,NA,NA,16269312,5603199,42,454339457082336225,0,44170459,37952375,7227250,all,97781292,8431166,8431166,44170459,42,37952375,7227250
skiplist,fdece4e,random,20260922,131072,131072,8,0,0.0227604,131072,NA,NA,NA,15433728,8177704,62,454339457082336225,0,10651417,15785000,8628500,all,57825292,22760375,22760375,10651417,0,15785000,8628500
radix,fdece4e,random,20260922,131072,131072,8,0,0.0214145,131072,NA,NA,NA,32489472,25146520,191,454339457082336225,0,15567166,17237625,17554167,all,74741458,21414542,21414542,15567166,2967958,17237625,17554167
radix,fdece4e,random,20260922,131072,131072,8,0,0.0245497,131072,NA,NA,NA,32571392,25142376,191,454339457082336225,0,13897458,15506750,16893625,all,74066667,24549709,24549709,13897458,3219125,15506750,16893625
vector,fdece4e,random,20260922,131072,131072,8,0,0.00874362,131072,NA,NA,NA,16498688,5603219,42,454339457082336225,0,41781167,37697375,8061167,all,96283625,8743625,8743625,41781167,291,37697375,8061167
skiplist,fdece4e,random,20260922,131072,131072,8,0,0.0250421,131072,NA,NA,NA,15482880,8180040,62,454339457082336225,0,7410875,7370292,11918750,all,51742084,25042125,25042125,7410875,42,7370292,11918750
vector,fdece4e,versions,20260922,131072,131072,1,0,0.0146663,131072,NA,NA,NA,15450112,5433534,41,4785945059249892485,0,40790208,37057375,6692333,all,99206250,14666292,14666292,40790208,42,37057375,6692333
skiplist,fdece4e,versions,20260922,131072,131072,1,0,0.062862,131072,NA,NA,NA,14598144,7753080,59,4785945059249892485,0,6910334,6651833,6982875,all,83407042,62862000,62862000,6910334,0,6651833,6982875
radix,fdece4e,versions,20260922,131072,131072,1,0,0.0442836,131072,NA,NA,NA,28278784,21420344,163,4785945059249892485,0,9509167,12732083,12886000,all,81711250,44283625,44283625,9509167,2300375,12732083,12886000
radix,fdece4e,versions,20260922,131072,131072,1,0,0.0423398,131072,NA,NA,NA,28295168,21420344,163,4785945059249892485,0,12110875,9878584,14164083,all,80771958,42339833,42339833,12110875,2278583,9878584,14164083
vector,fdece4e,versions,20260922,131072,131072,1,0,0.0165676,131072,NA,NA,NA,15499264,5433534,41,4785945059249892485,0,37392375,38320958,7996375,all,100277374,16567625,16567625,37392375,41,38320958,7996375
skiplist,fdece4e,versions,20260922,131072,131072,1,0,0.0587097,131072,NA,NA,NA,14565376,7751968,59,4785945059249892485,0,8497292,6683458,6983250,all,80873708,58709708,58709708,8497292,0,6683458,6983250
vector,fdece4e,versions,20260922,131072,131072,1,0,0.0137475,131072,NA,NA,NA,15450112,5433534,41,4785945059249892485,0,38689917,39705833,6956708,all,99099916,13747458,13747458,38689917,0,39705833,6956708
skiplist,fdece4e,versions,20260922,131072,131072,1,0,0.062171,131072,NA,NA,NA,14581760,7753392,59,4785945059249892485,0,8016792,6604791,6486125,all,83278708,62171000,62171000,8016792,0,6604791,6486125
radix,fdece4e,versions,20260922,131072,131072,1,0,0.0398968,131072,NA,NA,NA,28311552,21420344,163,4785945059249892485,0,14412417,10273875,7378125,all,74192292,39896792,39896792,14412417,2231083,10273875,7378125
radix,fdece4e,versions,20260922,131072,131072,1,0,0.0411005,131072,NA,NA,NA,28311552,21420344,163,4785945059249892485,0,12629000,14520042,8080542,all,78998792,41100458,41100458,12629000,2668750,14520042,8080542
vector,fdece4e,versions,20260922,131072,131072,1,0,0.0140637,131072,NA,NA,NA,15433728,5433534,41,4785945059249892485,0,36834916,39651167,6944375,all,97494292,14063709,14063709,36834916,125,39651167,6944375
skiplist,fdece4e,versions,20260922,131072,131072,1,0,0.058979,131072,NA,NA,NA,14548992,7752864,59,4785945059249892485,0,9763625,7173708,6378792,all,82295125,58979000,58979000,9763625,0,7173708,6378792
vector,fdece4e,versions,20260922,131072,131072,1,0,0.0146749,131072,NA,NA,NA,15482880,5433534,41,4785945059249892485,0,39510125,35795625,6695500,all,96676208,14674917,14674917,39510125,41,35795625,6695500
skiplist,fdece4e,versions,20260922,131072,131072,1,0,0.0577135,131072,NA,NA,NA,14598144,7750808,59,4785945059249892485,0,7567958,6624417,9125500,all,81031375,57713459,57713459,7567958,41,6624417,9125500
radix,fdece4e,versions,20260922,131072,131072,1,0,0.0404482,131072,NA,NA,NA,28295168,21420344,163,4785945059249892485,0,14974292,14976417,13646541,all,85697458,40448166,40448166,14974292,1652042,14976417,13646541
radix,fdece4e,versions,20260922,131072,131072,4,0,0.0234958,131072,NA,NA,NA,29835264,22535576,171,4785945059249892485,0,19325375,14494042,18563250,all,78607667,23495833,23495833,19325375,2729167,14494042,18563250
vector,fdece4e,versions,20260922,131072,131072,4,0,0.00945242,131072,NA,NA,NA,16334848,5603231,42,4785945059249892485,0,39373167,37254250,6646458,all,92726333,9452417,9452417,39373167,41,37254250,6646458
skiplist,fdece4e,versions,20260922,131072,131072,4,0,0.0209352,131072,NA,NA,NA,15400960,8126336,61,4785945059249892485,0,10108750,6736750,6660916,all,44441625,20935209,20935209,10108750,0,6736750,6660916
vector,fdece4e,versions,20260922,131072,131072,4,0,0.00606779,131072,NA,NA,NA,16269312,5603259,42,4785945059249892485,0,38817875,36805333,6910125,all,88601166,6067792,6067792,38817875,41,36805333,6910125
skiplist,fdece4e,versions,20260922,131072,131072,4,0,0.0247078,131072,NA,NA,NA,15417344,8178280,62,4785945059249892485,0,10910291,12784417,6734125,all,55136625,24707792,24707792,10910291,0,12784417,6734125
radix,fdece4e,versions,20260922,131072,131072,4,0,0.0217994,131072,NA,NA,NA,29769728,22524464,171,4785945059249892485,0,16492709,17769375,18675000,all,79457417,21799375,21799375,16492709,4720958,17769375,18675000
radix,fdece4e,versions,20260922,131072,131072,4,0,0.0169449,131072,NA,NA,NA,29835264,22540184,171,4785945059249892485,0,17062000,17861625,17977042,all,74601251,16944917,16944917,17062000,4755667,17861625,17977042
vector,fdece4e,versions,20260922,131072,131072,4,0,0.00778133,131072,NA,NA,NA,16433152,5603259,42,4785945059249892485,0,38896416,39948084,16106083,all,102731959,7781334,7781334,38896416,42,39948084,16106083
skiplist,fdece4e,versions,20260922,131072,131072,4,0,0.0198639,131072,NA,NA,NA,15302656,8130528,62,4785945059249892485,0,11809792,8660791,7641084,all,47975626,19863917,19863917,11809792,42,8660791,7641084
vector,fdece4e,versions,20260922,131072,131072,4,0,0.0101246,131072,NA,NA,NA,16252928,5603259,42,4785945059249892485,0,42794375,43281000,6949125,all,103149124,10124583,10124583,42794375,41,43281000,6949125
skiplist,fdece4e,versions,20260922,131072,131072,4,0,0.0182482,131072,NA,NA,NA,15368192,8138920,62,4785945059249892485,0,12158500,6794000,7624625,all,44825333,18248208,18248208,12158500,0,6794000,7624625
radix,fdece4e,versions,20260922,131072,131072,4,0,0.0185095,131072,NA,NA,NA,29851648,22549248,172,4785945059249892485,0,17061625,15779292,17309458,all,71635375,18509541,18509541,17061625,2975459,15779292,17309458
radix,fdece4e,versions,20260922,131072,131072,4,0,0.0140956,131072,NA,NA,NA,29851648,22587680,172,4785945059249892485,0,18688917,14804542,15687416,all,67223167,14095625,14095625,18688917,3946667,14804542,15687416
vector,fdece4e,versions,20260922,131072,131072,4,0,0.0084435,131072,NA,NA,NA,16302080,5603259,42,4785945059249892485,0,40858667,34920292,6728666,all,90951250,8443500,8443500,40858667,125,34920292,6728666
skiplist,fdece4e,versions,20260922,131072,131072,4,0,0.0189153,131072,NA,NA,NA,15368192,8125560,61,4785945059249892485,0,10367250,12912584,7044916,all,49240041,18915291,18915291,10367250,0,12912584,7044916
radix,fdece4e,versions,20260922,131072,131072,8,0,0.0182187,131072,NA,NA,NA,29851648,22556776,172,4785945059249892485,0,19132333,21352709,12594125,all,75169333,18218708,18218708,19132333,3871458,21352709,12594125
vector,fdece4e,versions,20260922,131072,131072,8,0,0.00826942,131072,NA,NA,NA,16416768,5603179,42,4785945059249892485,0,38849166,36977792,8623125,all,92720000,8269417,8269417,38849166,500,36977792,8623125
skiplist,fdece4e,versions,20260922,131072,131072,8,0,0.0205784,131072,NA,NA,NA,15499264,8172224,62,4785945059249892485,0,9596166,9306709,13164500,all,52645792,20578417,20578417,9596166,0,9306709,13164500
vector,fdece4e,versions,20260922,131072,131072,8,0,0.00982338,131072,NA,NA,NA,16482304,5603219,42,4785945059249892485,0,38585375,37806208,6314959,all,92530000,9823375,9823375,38585375,83,37806208,6314959
skiplist,fdece4e,versions,20260922,131072,131072,8,0,0.0256445,131072,NA,NA,NA,15499264,8175320,62,4785945059249892485,0,10548416,7017667,13398000,all,56608583,25644500,25644500,10548416,0,7017667,13398000
radix,fdece4e,versions,20260922,131072,131072,8,0,0.0272856,131072,NA,NA,NA,29900800,22567184,172,4785945059249892485,0,20919334,19295416,18316792,all,89929083,27285583,27285583,20919334,4111958,19295416,18316792
radix,fdece4e,versions,20260922,131072,131072,8,0,0.032434,131072,NA,NA,NA,29884416,22578304,172,4785945059249892485,0,21164875,24982291,15953792,all,99207083,32434042,32434042,21164875,4672083,24982291,15953792
vector,fdece4e,versions,20260922,131072,131072,8,0,0.0100677,131072,NA,NA,NA,16154624,5603110,42,4785945059249892485,0,43735541,40423625,8275167,all,102502042,10067667,10067667,43735541,42,40423625,8275167
skiplist,fdece4e,versions,20260922,131072,131072,8,0,0.0179645,131072,NA,NA,NA,15482880,8156544,62,4785945059249892485,0,12886500,6595291,9669209,all,47115500,17964500,17964500,12886500,0,6595291,9669209
vector,fdece4e,versions,20260922,131072,131072,8,0,0.00759063,131072,NA,NA,NA,16809984,5603219,42,4785945059249892485,0,42205333,34674875,7101750,all,91572583,7590625,7590625,42205333,0,34674875,7101750
skiplist,fdece4e,versions,20260922,131072,131072,8,0,0.0178968,131072,NA,NA,NA,15515648,8171952,62,4785945059249892485,0,10525000,10860875,7480792,all,46763500,17896833,17896833,10525000,0,10860875,7480792
radix,fdece4e,versions,20260922,131072,131072,8,0,0.0214578,131072,NA,NA,NA,29884416,22556176,172,4785945059249892485,0,20026333,15011292,15276541,all,76018417,21457834,21457834,20026333,4246417,15011292,15276541
radix,fdece4e,versions,20260922,131072,131072,8,0,0.018914,131072,NA,NA,NA,29982720,22553784,172,4785945059249892485,0,20661458,17117458,17465334,all,78933708,18914042,18914042,20661458,4775416,17117458,17465334
vector,fdece4e,versions,20260922,131072,131072,8,0,0.0111243,131072,NA,NA,NA,16154624,5603219,42,4785945059249892485,0,38664084,35602041,6488542,all,91879125,11124333,11124333,38664084,125,35602041,6488542
skiplist,fdece4e,versions,20260922,131072,131072,8,0,0.0185184,131072,NA,NA,NA,15466496,8162360,62,4785945059249892485,0,11695625,6699792,7474458,all,44388333,18518416,18518416,11695625,42,6699792,7474458
